State,County,StCnty FIPS Code,Year,Days with AQI,Good Days,Moderate Days,Unhealthy for Sensitive Groups Days,Unhealthy Days,Very Unhealthy Days,Hazardous Days,Max AQI,90th Percentile AQI,Median AQI,Days CO,Days NO2,Days Ozone,Days PM2.5,Days PM10
Alabama,Baldwin,01003,2019,271,221,50,0,0,0,0,80,55,40,0,0,198,73,0
Alabama,Clay,01027,2019,107,75,32,0,0,0,0,71,56,41,0,0,0,107,0
Alabama,Colbert,01033,2019,263,238,25,0,0,0,0,65,50,38,0,0,219,44,0
Alabama,DeKalb,01049,2019,361,303,58,0,0,0,0,90,54,39,0,0,306,55,0
Alabama,Elmore,01051,2019,228,208,20,0,0,0,0,100,50,39,0,0,228,0,0
Alabama,Etowah,01055,2019,279,201,78,0,0,0,0,90,58,44,0,0,201,78,0
Alabama,Houston,01069,2019,280,230,50,0,0,0,0,77,55,38,0,0,181,99,0
Alabama,Jefferson,01073,2019,365,85,267,13,0,0,0,150,80,58,0,0,75,289,1
Alabama,Lawrence,01079,2019,112,98,14,0,0,0,0,58,51,32,0,0,0,112,0
Alabama,Madison,01089,2019,361,189,172,0,0,0,0,93,62,49,0,0,99,255,7
Alabama,Mobile,01097,2019,354,169,185,0,0,0,0,82,64,52,0,0,73,281,0
Alabama,Montgomery,01101,2019,365,84,280,1,0,0,0,122,71,57,0,0,18,346,1
Alabama,Morgan,01103,2019,365,247,118,0,0,0,0,93,58,45,0,0,145,220,0
Alabama,Russell,01113,2019,363,195,168,0,0,0,0,84,63,48,0,0,64,299,0
Alabama,Shelby,01117,2019,244,202,39,3,0,0,0,119,61,42,0,0,244,0,0
Alabama,Sumter,01119,2019,354,287,67,0,0,0,0,67,54,38,0,0,115,239,0
Alabama,Tuscaloosa,01125,2019,264,217,47,0,0,0,0,87,54,39,0,0,173,91,0
Alaska,Aleutians East ,02013,2019,121,119,2,0,0,0,0,55,29,14,0,0,0,121,0
Alaska,Anchorage ,02020,2019,365,254,102,5,4,0,0,163,67,32,5,0,0,285,75
Alaska,Bethel ,02050,2019,317,302,13,1,1,0,0,185,34,13,0,0,0,212,105
Alaska,Denali ,02068,2019,360,355,5,0,0,0,0,82,44,36,0,0,348,12,0
Alaska,Fairbanks North Star ,02090,2019,365,205,121,18,16,1,4,503,103,44,0,6,98,258,3
Alaska,Juneau ,02110,2019,362,280,79,3,0,0,0,145,60,27,0,0,0,340,22
Alaska,Kenai Peninsula ,02122,2019,118,111,6,1,0,0,0,140,28,11,0,0,0,118,0
Alaska,Matanuska-Susitna ,02170,2019,361,262,96,3,0,0,0,127,66,25,0,0,0,313,48
Alaska,North Slope ,02185,2019,110,108,2,0,0,0,0,69,15,6,0,0,0,110,0
Arizona,Apache,04001,2019,359,357,2,0,0,0,0,64,21,11,0,0,0,62,297
Arizona,Cochise,04003,2019,365,253,112,0,0,0,0,97,64,46,0,0,305,45,15
Arizona,Coconino,04005,2019,365,280,85,0,0,0,0,80,61,45,0,0,349,16,0
Arizona,Gila,04007,2019,365,210,139,16,0,0,0,146,87,48,0,0,349,1,15
Arizona,La Paz,04012,2019,364,303,61,0,0,0,0,77,58,44,0,0,357,6,1
Arizona,Maricopa,04013,2019,365,50,277,38,0,0,0,147,101,67,0,2,204,92,67
Arizona,Mohave,04015,2019,365,358,7,0,0,0,0,69,29,14,0,0,0,52,313
Arizona,Navajo,04017,2019,365,294,70,1,0,0,0,112,58,44,0,0,357,1,7
Arizona,Pima,04019,2019,365,207,156,2,0,0,0,103,71,49,0,0,237,51,77
Arizona,Pinal,04021,2019,365,104,228,21,2,3,7,929,100,63,0,0,148,66,151
Arizona,Santa Cruz,04023,2019,362,250,110,2,0,0,0,120,67,39,0,0,0,323,39
Arizona,Yavapai,04025,2019,357,298,59,0,0,0,0,87,54,43,0,0,355,2,0
Arizona,Yuma,04027,2019,365,226,136,3,0,0,0,129,67,47,0,0,214,120,31
Arkansas,Arkansas,05001,2019,118,77,41,0,0,0,0,80,58,41,0,0,0,118,0
Arkansas,Ashley,05003,2019,120,72,48,0,0,0,0,71,58,43,0,0,0,120,0
Arkansas,Benton,05007,2019,146,79,67,0,0,0,0,85,61,47,0,0,0,146,0
Arkansas,Clark,05019,2019,355,347,8,0,0,0,0,67,46,32,0,0,355,0,0
Arkansas,Craighead,05031,2019,49,35,14,0,0,0,0,65,58,41,0,0,0,49,0
Arkansas,Crittenden,05035,2019,365,212,152,1,0,0,0,101,60,47,0,0,107,258,0
Arkansas,Garland,05051,2019,121,61,60,0,0,0,0,77,60,50,0,0,0,121,0
Arkansas,Jackson,05067,2019,117,76,41,0,0,0,0,77,59,45,0,0,0,117,0
Arkansas,Newton,05101,2019,365,344,21,0,0,0,0,90,48,36,0,0,342,23,0
Arkansas,Polk,05113,2019,361,291,69,1,0,0,0,119,58,40,0,0,287,74,0
Arkansas,Pulaski,05119,2019,365,145,220,0,0,0,0,81,64,53,0,2,88,275,0
Arkansas,Union,05139,2019,241,135,106,0,0,0,0,99,59,46,0,0,0,241,0
Arkansas,Washington,05143,2019,365,193,172,0,0,0,0,97,61,48,0,0,118,247,0
California,Alameda,06001,2019,365,183,174,8,0,0,0,150,67,50,0,11,94,260,0
California,Amador,06005,2019,355,308,45,2,0,0,0,115,51,39,0,0,355,0,0
California,Butte,06007,2019,365,171,189,3,2,0,0,180,71,51,0,0,121,243,1
California,Calaveras,06009,2019,360,288,71,1,0,0,0,108,60,43,0,0,297,62,1
California,Colusa,06011,2019,365,260,105,0,0,0,0,85,61,41,0,0,152,173,40
California,Contra Costa,06013,2019,365,238,123,4,0,0,0,129,64,43,0,3,171,190,1
California,Del Norte,06015,2019,248,210,38,0,0,0,0,74,53,26,0,0,0,248,0
California,El Dorado,06017,2019,365,273,86,6,0,0,0,122,74,43,0,0,353,3,9
California,Fresno,06019,2019,365,113,186,64,2,0,0,187,115,63,0,1,229,118,17
California,Glenn,06021,2019,362,274,88,0,0,0,0,86,58,42,0,0,232,119,11
California,Humboldt,06023,2019,363,340,23,0,0,0,0,69,44,28,2,1,253,70,37
California,Imperial,06025,2019,365,94,250,19,2,0,0,185,93,61,0,0,185,128,52
California,Inyo,06027,2019,365,226,127,6,2,1,3,653,84,47,0,0,313,23,29
California,Kern,06029,2019,365,91,179,87,6,1,1,553,122,69,0,1,228,108,28
California,Kings,06031,2019,365,123,201,37,2,0,2,508,105,58,0,0,166,130,69
California,Lake,06033,2019,360,360,0,0,0,0,0,50,42,31,0,0,351,8,1
California,Los Angeles,06037,2019,365,34,245,57,28,1,0,201,136,72,0,24,166,170,5
California,Madera,06039,2019,365,167,185,13,0,0,0,140,84,52,0,0,225,103,37
California,Marin,06041,2019,363,291,71,1,0,0,0,133,55,37,0,10,151,202,0
California,Mariposa,06043,2019,365,192,159,9,5,0,0,185,84,50,0,0,247,118,0
California,Mendocino,06045,2019,361,290,71,0,0,0,0,80,54,36,0,0,155,199,7
California,Merced,06047,2019,365,176,182,7,0,0,0,119,80,51,0,0,202,161,2
California,Mono,06051,2019,365,242,108,6,0,0,9,4227,83,34,0,0,0,322,43
California,Monterey,06053,2019,365,303,61,1,0,0,0,144,54,39,2,0,228,127,8
California,Napa,06055,2019,363,295,66,2,0,0,0,119,54,37,2,0,211,150,0
California,Nevada,06057,2019,361,251,105,5,0,0,0,122,71,45,0,0,272,89,0
California,Orange,06059,2019,365,157,192,15,1,0,0,172,87,53,0,7,188,164,6
California,Placer,06061,2019,365,198,158,9,0,0,0,136,77,49,0,0,218,145,2
California,Plumas,06063,2019,341,220,116,5,0,0,0,138,71,34,0,0,0,341,0
California,Riverside,06065,2019,365,53,192,91,29,0,0,185,147,77,0,0,219,102,44
California,Sacramento,06067,2019,365,175,180,10,0,0,0,140,84,52,0,1,188,169,7
California,San Benito,06069,2019,365,318,47,0,0,0,0,90,52,39,0,0,308,51,6
California,San Bernardino,06071,2019,365,29,203,71,54,8,0,213,172,81,0,4,214,140,7
California,San Diego,06073,2019,365,38,302,23,2,0,0,169,93,66,0,1,133,228,3
California,San Francisco,06075,2019,365,251,113,1,0,0,0,108,58,39,0,15,119,231,0
California,San Joaquin,06077,2019,365,202,151,11,1,0,0,190,82,47,0,1,201,149,14
California,San Luis Obispo,06079,2019,365,196,166,3,0,0,0,108,74,49,0,0,239,109,17
California,San Mateo,06081,2019,365,276,87,2,0,0,0,122,57,39,0,14,135,216,0
California,Santa Barbara,06083,2019,365,242,122,1,0,0,0,105,63,45,0,0,228,128,9
California,Santa Clara,06085,2019,365,205,156,4,0,0,0,136,68,48,0,1,134,229,1
California,Santa Cruz,06087,2019,365,291,74,0,0,0,0,74,54,39,0,0,166,199,0
California,Shasta,06089,2019,364,306,58,0,0,0,0,100,54,42,0,0,349,13,2
California,Siskiyou,06093,2019,365,302,59,2,2,0,0,164,54,38,0,0,239,126,0
California,Solano,06095,2019,365,226,138,1,0,0,0,119,64,45,0,1,129,235,0
California,Sonoma,06097,2019,365,318,47,0,0,0,0,87,52,36,0,1,202,155,7
California,Stanislaus,06099,2019,365,168,174,22,1,0,0,177,92,52,0,0,208,147,10
California,Sutter,06101,2019,365,200,163,2,0,0,0,110,71,48,0,0,200,159,6
California,Tehama,06103,2019,365,263,102,0,0,0,0,93,64,43,0,0,299,66,0
California,Trinity,06105,2019,269,225,42,2,0,0,0,113,56,23,0,0,0,269,0
California,Tulare,06107,2019,365,98,186,78,2,1,0,280,122,67,0,0,210,136,19
California,Tuolumne,06109,2019,358,273,83,2,0,0,0,108,67,43,0,0,358,0,0
California,Ventura,06111,2019,365,175,181,9,0,0,0,126,77,51,0,3,226,127,9
California,Yolo,06113,2019,365,252,112,1,0,0,0,136,63,43,0,1,249,114,1
Colorado,Adams,08001,2019,365,183,181,1,0,0,0,132,67,50,0,30,129,152,54
Colorado,Alamosa,08003,2019,107,107,0,0,0,0,0,28,23,12,0,0,0,107,0
Colorado,Arapahoe,08005,2019,365,222,137,6,0,0,0,140,80,47,0,0,348,17,0
Colorado,Archuleta,08007,2019,363,331,30,2,0,0,0,124,50,31,0,3,186,0,174
Colorado,Boulder,08013,2019,365,192,168,5,0,0,0,119,74,50,0,0,234,131,0
Colorado,Chaffee,08015,2019,144,80,63,1,0,0,0,108,77,50,0,0,144,0,0
Colorado,Clear Creek,08019,2019,294,183,109,2,0,0,0,126,74,47,0,0,294,0,0
Colorado,Delta,08029,2019,365,338,27,0,0,0,0,80,50,41,0,0,340,25,0
Colorado,Denver,08031,2019,365,139,223,2,1,0,0,153,77,54,0,80,133,152,0
Colorado,Douglas,08035,2019,361,220,130,10,1,0,0,154,79,47,0,0,289,72,0
Colorado,El Paso,08041,2019,365,249,116,0,0,0,0,100,67,46,0,0,320,45,0
Colorado,Fremont,08043,2019,32,32,0,0,0,0,0,29,23,13,0,0,0,0,32
Colorado,Garfield,08045,2019,365,248,115,2,0,0,0,105,74,48,0,0,364,1,0
Colorado,Gilpin,08047,2019,143,117,25,1,0,0,0,115,58,45,0,0,143,0,0
Colorado,Grand,08049,2019,118,95,23,0,0,0,0,80,58,45,0,0,118,0,0
Colorado,Gunnison,08051,2019,362,264,96,2,0,0,0,101,67,46,0,0,362,0,0
Colorado,Jackson,08057,2019,102,102,0,0,0,0,0,34,17,8,0,0,0,102,0
Colorado,Jefferson,08059,2019,365,238,111,16,0,0,0,129,87,46,0,2,363,0,0
Colorado,La Plata,08067,2019,365,267,98,0,0,0,0,87,61,44,0,3,317,45,0
Colorado,Larimer,08069,2019,365,183,176,6,0,0,0,129,77,50,0,0,307,58,0
Colorado,Mesa,08077,2019,364,238,125,1,0,0,0,101,67,47,2,0,283,78,1
Colorado,Montezuma,08083,2019,365,279,86,0,0,0,0,97,61,46,0,0,365,0,0
Colorado,Park,08093,2019,312,160,150,2,0,0,0,101,80,50,0,0,312,0,0
Colorado,Pitkin,08097,2019,121,121,0,0,0,0,0,46,19,11,0,0,0,33,88
Colorado,Prowers,08099,2019,346,343,3,0,0,0,0,76,28,14,0,0,0,0,346
Colorado,Pueblo,08101,2019,126,125,1,0,0,0,0,68,40,26,0,0,0,102,24
Colorado,Rio Blanco,08103,2019,365,252,113,0,0,0,0,100,55,47,0,0,194,171,0
Colorado,Routt,08107,2019,356,353,2,1,0,0,0,137,27,13,0,0,0,0,356
Colorado,San Juan,08111,2019,116,116,0,0,0,0,0,32,19,9,0,0,0,116,0
Colorado,San Miguel,08113,2019,241,189,52,0,0,0,0,87,58,45,0,0,185,0,56
Colorado,Weld,08123,2019,365,152,205,8,0,0,0,129,77,53,0,0,228,137,0
Connecticut,Fairfield,09001,2019,365,221,123,18,3,0,0,161,77,46,0,2,159,204,0
Connecticut,Hartford,09003,2019,365,252,108,5,0,0,0,122,59,43,0,12,163,190,0
Connecticut,Litchfield,09005,2019,365,327,38,0,0,0,0,97,51,37,0,0,311,54,0
Connecticut,Middlesex,09007,2019,205,175,23,6,1,0,0,154,61,41,0,0,205,0,0
Connecticut,New Haven,09009,2019,365,228,123,12,2,0,0,159,70,44,0,3,181,180,1
Connecticut,New London,09011,2019,364,295,62,7,0,0,0,129,56,40,0,0,161,203,0
Connecticut,Tolland,09013,2019,212,187,20,5,0,0,0,126,54,42,0,0,212,0,0
Connecticut,Windham,09015,2019,360,344,15,1,0,0,0,105,46,36,0,0,360,0,0
Delaware,Kent,10001,2019,365,248,117,0,0,0,0,85,61,44,0,0,198,167,0
Delaware,New Castle,10003,2019,365,207,155,3,0,0,0,136,71,47,0,3,178,184,0
Delaware,Sussex,10005,2019,365,251,114,0,0,0,0,93,61,44,0,0,205,160,0
District Of Columbia,District of Columbia,11001,2019,365,195,165,4,1,0,0,159,73,49,0,16,160,189,0
Florida,Alachua,12001,2019,364,289,75,0,0,0,0,80,55,39,0,0,158,206,0
Florida,Baker,12003,2019,361,341,20,0,0,0,0,77,48,33,0,0,361,0,0
Florida,Bay,12005,2019,357,240,117,0,0,0,0,87,59,44,0,0,108,249,0
Florida,Brevard,12009,2019,351,308,43,0,0,0,0,90,51,39,0,0,223,128,0
Florida,Broward,12011,2019,363,213,150,0,0,0,0,90,58,47,2,1,55,305,0
Florida,Citrus,12017,2019,357,257,100,0,0,0,0,82,55,40,0,0,0,357,0
Florida,Collier,12021,2019,362,291,71,0,0,0,0,90,54,40,0,0,111,251,0
Florida,Columbia,12023,2019,363,229,134,0,0,0,0,90,61,46,0,0,102,261,0
Florida,Duval,12031,2019,361,164,196,1,0,0,0,114,67,51,0,0,72,289,0
Florida,Escambia,12033,2019,365,248,116,1,0,0,0,101,61,44,0,0,193,172,0
Florida,Flagler,12035,2019,270,265,5,0,0,0,0,74,45,34,0,0,270,0,0
Florida,Hamilton,12047,2019,316,214,102,0,0,0,0,81,58,44,0,0,0,316,0
Florida,Highlands,12055,2019,233,224,9,0,0,0,0,84,46,36,0,0,233,0,0
Florida,Hillsborough,12057,2019,365,202,158,5,0,0,0,126,67,49,0,0,104,261,0
Florida,Holmes,12059,2019,362,207,155,0,0,0,0,84,61,47,0,0,106,256,0
Florida,Indian River,12061,2019,335,324,11,0,0,0,0,90,47,36,0,0,335,0,0
Florida,Lake,12069,2019,330,301,28,1,0,0,0,101,50,35,0,0,330,0,0
Florida,Lee,12071,2019,365,289,75,1,0,0,0,108,55,40,0,0,155,206,4
Florida,Leon,12073,2019,360,215,144,1,0,0,0,119,63,46,0,0,80,280,0
Florida,Liberty,12077,2019,351,339,12,0,0,0,0,74,45,33,0,0,351,0,0
Florida,Manatee,12081,2019,365,333,30,2,0,0,0,108,49,36,0,0,365,0,0
Florida,Marion,12083,2019,365,244,121,0,0,0,0,88,58,44,0,0,111,254,0
Florida,Martin,12085,2019,352,288,64,0,0,0,0,85,54,41,0,0,115,237,0
Florida,Miami-Dade,12086,2019,363,245,116,2,0,0,0,146,57,44,1,1,59,301,1
Florida,Nassau,12089,2019,270,203,67,0,0,0,0,74,55,41,0,0,0,270,0
Florida,Okaloosa,12091,2019,363,335,28,0,0,0,0,84,48,36,0,0,342,0,21
Florida,Orange,12095,2019,360,293,67,0,0,0,0,93,55,39,1,1,210,148,0
Florida,Osceola,12097,2019,364,338,22,4,0,0,0,122,48,34,0,0,364,0,0
Florida,Palm Beach,12099,2019,357,273,84,0,0,0,0,94,56,40,0,0,108,249,0
Florida,Pasco,12101,2019,365,336,29,0,0,0,0,97,49,36,0,0,365,0,0
Florida,Pinellas,12103,2019,365,223,142,0,0,0,0,100,61,47,0,0,99,265,1
Florida,Polk,12105,2019,365,268,97,0,0,0,0,100,58,42,0,0,138,227,0
Florida,Putnam,12107,2019,351,346,5,0,0,0,0,54,29,17,0,0,0,0,351
Florida,Santa Rosa,12113,2019,364,229,135,0,0,0,0,93,60,44,0,0,119,245,0
Florida,Sarasota,12115,2019,365,268,97,0,0,0,0,100,57,43,0,0,114,251,0
Florida,Seminole,12117,2019,365,296,68,1,0,0,0,110,56,39,0,0,192,172,1
Florida,St. Lucie,12111,2019,352,342,10,0,0,0,0,77,46,34,0,0,352,0,0
Florida,Volusia,12127,2019,350,274,76,0,0,0,0,80,55,41,0,0,149,201,0
Florida,Wakulla,12129,2019,361,275,86,0,0,0,0,84,58,39,0,0,154,207,0
Georgia,Bibb,13021,2019,362,216,143,3,0,0,0,137,64,46,0,0,92,270,0
Georgia,Charlton,13049,2019,103,97,6,0,0,0,0,65,48,26,0,0,0,103,0
Georgia,Chatham,13051,2019,335,204,131,0,0,0,0,87,60,46,0,0,70,265,0
Georgia,Chattooga,13055,2019,244,231,13,0,0,0,0,71,48,40,0,0,244,0,0
Georgia,Clarke,13059,2019,365,171,194,0,0,0,0,87,65,52,0,0,69,296,0
Georgia,Clayton,13063,2019,119,66,53,0,0,0,0,73,59,48,0,0,0,119,0
Georgia,Cobb,13067,2019,282,191,90,1,0,0,0,119,61,44,0,0,191,91,0
Georgia,Coffee,13069,2019,121,94,27,0,0,0,0,70,58,34,0,0,0,121,0
Georgia,Columbia,13073,2019,245,229,16,0,0,0,0,74,49,39,0,0,245,0,0
Georgia,Dawson,13085,2019,244,225,18,1,0,0,0,126,48,37,0,0,244,0,0
Georgia,DeKalb,13089,2019,365,173,188,3,1,0,0,159,67,52,0,20,94,251,0
Georgia,Dougherty,13095,2019,356,163,191,2,0,0,0,107,68,52,0,0,0,356,0
Georgia,Douglas,13097,2019,245,212,28,5,0,0,0,126,58,40,0,0,245,0,0
Georgia,Floyd,13115,2019,363,140,223,0,0,0,0,90,66,54,0,0,0,363,0
Georgia,Fulton,13121,2019,365,122,236,6,1,0,0,172,74,55,0,5,77,283,0
Georgia,Glynn,13127,2019,279,235,44,0,0,0,0,80,54,37,0,0,203,76,0
Georgia,Gwinnett,13135,2019,355,154,199,2,0,0,0,112,71,52,0,0,91,264,0
Georgia,Hall,13139,2019,340,181,159,0,0,0,0,90,62,49,0,0,0,340,0
Georgia,Henry,13151,2019,363,234,122,7,0,0,0,150,64,43,0,0,119,244,0
Georgia,Houston,13153,2019,354,173,179,1,1,0,0,153,65,51,0,0,0,354,0
Georgia,Lowndes,13185,2019,310,177,133,0,0,0,0,71,60,47,0,0,0,310,0
Georgia,Murray,13213,2019,269,225,44,0,0,0,0,93,54,42,0,0,230,39,0
Georgia,Muscogee,13215,2019,364,209,155,0,0,0,0,90,62,47,0,0,91,273,0
Georgia,Pike,13231,2019,353,307,43,3,0,0,0,147,58,37,0,0,353,0,0
Georgia,Richmond,13245,2019,364,159,203,2,0,0,0,101,67,52,0,0,67,279,18
Georgia,Rockdale,13247,2019,241,186,50,5,0,0,0,129,67,43,0,0,241,0,0
Georgia,Sumter,13261,2019,238,211,27,0,0,0,0,97,54,39,0,0,238,0,0
Georgia,Walker,13295,2019,356,185,171,0,0,0,0,84,62,49,0,0,0,356,0
Georgia,Washington,13303,2019,211,138,72,1,0,0,0,116,59,39,0,0,0,211,0
Hawaii,Hawaii,15001,2019,365,357,8,0,0,0,0,81,34,21,0,0,0,365,0
Hawaii,Honolulu,15003,2019,365,360,5,0,0,0,0,62,41,28,0,5,266,93,1
Hawaii,Kauai,15007,2019,363,361,2,0,0,0,0,70,31,16,0,104,0,259,0
Hawaii,Maui,15009,2019,362,339,19,3,1,0,0,171,39,20,0,0,0,362,0
Idaho,Ada,16001,2019,365,266,99,0,0,0,0,100,58,41,0,3,183,179,0
Idaho,Bannock,16005,2019,365,330,35,0,0,0,0,64,50,24,0,0,0,265,100
Idaho,Benewah,16009,2019,364,188,165,9,2,0,0,155,77,49,0,0,0,364,0
Idaho,Blaine,16013,2019,314,307,7,0,0,0,0,57,33,20,0,0,0,314,0
Idaho,Boise,16015,2019,365,223,139,2,1,0,0,170,65,44,0,0,0,365,0
Idaho,Bonner,16017,2019,365,291,73,1,0,0,0,115,60,27,0,0,0,298,67
Idaho,Bonneville,16019,2019,357,287,70,0,0,0,0,67,53,38,0,0,0,357,0
Idaho,Butte,16023,2019,361,347,14,0,0,0,0,71,48,40,0,0,359,2,0
Idaho,Canyon,16027,2019,365,285,80,0,0,0,0,95,58,32,0,0,0,319,46
Idaho,Custer,16037,2019,96,95,1,0,0,0,0,51,23,8,0,0,0,96,0
Idaho,Franklin,16041,2019,364,315,46,3,0,0,0,112,54,23,0,0,0,364,0
Idaho,Idaho,16049,2019,365,236,129,0,0,0,0,89,60,44,0,0,135,230,0
Idaho,Jerome,16053,2019,353,345,8,0,0,0,0,55,37,20,0,0,0,353,0
Idaho,Kootenai,16055,2019,355,281,74,0,0,0,0,88,57,31,0,0,0,355,0
Idaho,Latah,16057,2019,350,343,7,0,0,0,0,55,35,14,0,0,0,350,0
Idaho,Lemhi,16059,2019,360,237,119,4,0,0,0,133,72,31,0,0,0,360,0
Idaho,Nez Perce,16069,2019,360,272,88,0,0,0,0,90,61,32,0,0,0,360,0
Idaho,Shoshone,16079,2019,365,225,137,3,0,0,0,117,75,38,0,0,0,359,6
Idaho,Twin Falls,16083,2019,365,344,21,0,0,0,0,74,43,26,0,0,0,365,0
Idaho,Valley,16085,2019,357,261,96,0,0,0,0,92,66,29,0,0,0,357,0
Illinois,Adams,17001,2019,241,208,33,0,0,0,0,93,54,41,0,0,241,0,0
Illinois,Champaign,17019,2019,365,225,140,0,0,0,0,100,64,45,0,0,179,186,0
Illinois,Clark,17023,2019,327,314,13,0,0,0,0,74,47,34,0,0,327,0,0
Illinois,Cook,17031,2019,365,80,276,9,0,0,0,133,79,58,0,8,58,295,4
Illinois,DuPage,17043,2019,352,196,153,2,1,0,0,174,65,48,0,0,130,222,0
Illinois,Effingham,17049,2019,245,224,21,0,0,0,0,84,50,40,0,0,245,0,0
Illinois,Hamilton,17065,2019,344,204,139,1,0,0,0,105,61,47,0,0,137,207,0
Illinois,Jersey,17083,2019,347,221,124,2,0,0,0,119,62,46,0,0,170,177,0
Illinois,Jo Daviess,17085,2019,363,351,12,0,0,0,0,74,47,34,0,0,363,0,0
Illinois,Kane,17089,2019,284,210,70,4,0,0,0,112,66,42,0,0,204,80,0
Illinois,Lake,17097,2019,245,210,33,2,0,0,0,115,58,40,0,0,245,0,0
Illinois,Macon,17115,2019,364,176,188,0,0,0,0,93,64,51,0,0,100,264,0
Illinois,Macoupin,17117,2019,357,340,17,0,0,0,0,87,47,33,0,112,245,0,0
Illinois,Madison,17119,2019,363,140,220,1,2,0,0,156,73,55,0,0,144,217,2
Illinois,McHenry,17111,2019,340,161,177,2,0,0,0,126,65,52,0,0,88,252,0
Illinois,McLean,17113,2019,364,187,177,0,0,0,0,100,65,49,0,0,116,248,0
Illinois,Peoria,17143,2019,364,236,126,2,0,0,0,101,62,44,0,0,153,211,0
Illinois,Randolph,17157,2019,324,234,90,0,0,0,0,97,58,43,0,0,184,140,0
Illinois,Rock Island,17161,2019,361,221,138,2,0,0,0,115,63,45,0,0,134,227,0
Illinois,Saint Clair,17163,2019,365,217,147,1,0,0,0,108,64,47,1,57,144,163,0
Illinois,Sangamon,17167,2019,360,222,138,0,0,0,0,87,61,45,0,0,122,238,0
Illinois,Will,17197,2019,365,179,186,0,0,0,0,84,66,51,0,0,75,290,0
Illinois,Winnebago,17201,2019,341,182,158,1,0,0,0,102,66,49,0,0,108,233,0
Indiana,Allen,18003,2019,365,200,164,1,0,0,0,101,64,49,0,0,163,202,0
Indiana,Bartholomew,18005,2019,364,256,108,0,0,0,0,77,58,44,0,0,203,161,0
Indiana,Boone,18011,2019,351,320,31,0,0,0,0,90,50,35,0,0,351,0,0
Indiana,Brown,18013,2019,365,349,16,0,0,0,0,74,47,35,0,0,365,0,0
Indiana,Carroll,18015,2019,358,333,25,0,0,0,0,84,49,35,0,0,358,0,0
Indiana,Clark,18019,2019,365,225,139,1,0,0,0,101,62,45,0,0,194,171,0
Indiana,Delaware,18035,2019,352,299,53,0,0,0,0,71,56,36,0,0,272,80,0
Indiana,Dubois,18037,2019,120,76,44,0,0,0,0,73,59,43,0,0,0,119,1
Indiana,Elkhart,18039,2019,365,251,114,0,0,0,0,83,61,41,0,0,166,199,0
Indiana,Floyd,18043,2019,361,336,25,0,0,0,0,87,48,35,0,0,361,0,0
Indiana,Greene,18055,2019,355,291,64,0,0,0,0,87,55,40,0,0,292,63,0
Indiana,Hamilton,18057,2019,365,214,149,2,0,0,0,119,64,47,0,0,145,220,0
Indiana,Hendricks,18063,2019,361,348,13,0,0,0,0,93,47,34,0,0,361,0,0
Indiana,Henry,18065,2019,119,81,38,0,0,0,0,67,58,37,0,0,0,119,0
Indiana,Howard,18067,2019,361,236,124,1,0,0,0,108,59,44,0,0,192,169,0
Indiana,Huntington,18069,2019,355,345,10,0,0,0,0,84,44,31,0,0,355,0,0
Indiana,Jackson,18071,2019,360,340,20,0,0,0,0,80,47,35,0,0,360,0,0
Indiana,Knox,18083,2019,359,328,31,0,0,0,0,87,50,36,0,0,359,0,0
Indiana,LaPorte,18091,2019,364,296,64,4,0,0,0,126,64,37,0,0,317,47,0
Indiana,Lake,18089,2019,365,151,213,1,0,0,0,101,72,52,0,2,86,274,3
Indiana,Madison,18095,2019,365,216,148,1,0,0,0,101,61,47,0,0,148,217,0
Indiana,Marion,18097,2019,365,78,283,4,0,0,0,112,74,58,0,0,62,303,0
Indiana,Monroe,18105,2019,346,220,126,0,0,0,0,72,58,43,0,0,0,346,0
Indiana,Morgan,18109,2019,364,344,20,0,0,0,0,87,48,35,0,0,364,0,0
Indiana,Perry,18123,2019,358,322,36,0,0,0,0,80,51,37,0,0,358,0,0
Indiana,Porter,18127,2019,365,236,125,4,0,0,0,115,64,44,0,0,164,188,13
Indiana,Posey,18129,2019,364,341,23,0,0,0,0,80,49,35,0,0,364,0,0
Indiana,Shelby,18145,2019,365,338,27,0,0,0,0,84,49,36,0,0,365,0,0
Indiana,Spencer,18147,2019,117,81,36,0,0,0,0,76,58,41,0,0,0,117,0
Indiana,St. Joseph,18141,2019,365,217,148,0,0,0,0,100,66,46,0,0,178,187,0
Indiana,Sullivan,18153,2019,116,73,43,0,0,0,0,81,58,41,0,0,0,116,0
Indiana,Tippecanoe,18157,2019,351,210,141,0,0,0,0,78,61,43,0,0,0,351,0
Indiana,Vanderburgh,18163,2019,365,229,136,0,0,0,0,90,59,46,0,0,155,210,0
Indiana,Vigo,18167,2019,365,161,203,1,0,0,0,102,67,52,0,0,110,255,0
Indiana,Wabash,18169,2019,351,319,32,0,0,0,0,97,50,37,0,0,351,0,0
Indiana,Warrick,18173,2019,365,337,28,0,0,0,0,93,50,36,0,0,365,0,0
Indiana,Whitley,18183,2019,352,213,139,0,0,0,0,91,60,43,0,0,0,352,0
Iowa,Black Hawk,19013,2019,363,238,125,0,0,0,0,85,63,41,0,0,0,363,0
Iowa,Bremer,19017,2019,243,228,15,0,0,0,0,90,46,37,0,0,243,0,0
Iowa,Cerro Gordo,19033,2019,118,118,0,0,0,0,0,38,27,15,0,0,0,0,118
Iowa,Clinton,19045,2019,364,192,172,0,0,0,0,91,65,49,0,0,94,270,0
Iowa,Harrison,19085,2019,241,222,19,0,0,0,0,97,50,38,0,0,241,0,0
Iowa,Johnson,19103,2019,364,210,154,0,0,0,0,92,64,46,0,0,0,364,0
Iowa,Lee,19111,2019,120,80,40,0,0,0,0,73,62,39,0,0,0,120,0
Iowa,Linn,19113,2019,365,223,142,0,0,0,0,86,64,43,0,0,116,249,0
Iowa,Montgomery,19137,2019,364,267,97,0,0,0,0,77,58,41,0,0,156,208,0
Iowa,Muscatine,19139,2019,365,238,127,0,0,0,0,93,61,42,0,0,0,365,0
Iowa,Palo Alto,19147,2019,364,246,118,0,0,0,0,93,60,44,0,0,102,262,0
Iowa,Polk,19153,2019,365,251,114,0,0,0,0,100,60,42,0,2,174,189,0
Iowa,Pottawattamie,19155,2019,130,93,37,0,0,0,0,73,58,38,0,0,0,117,13
Iowa,Scott,19163,2019,365,168,195,2,0,0,0,112,69,52,0,0,82,216,67
Iowa,Van Buren,19177,2019,361,266,95,0,0,0,0,97,58,42,0,1,130,230,0
Iowa,Woodbury,19193,2019,118,91,27,0,0,0,0,83,58,38,0,0,0,118,0
Kansas,Chase,20017,2019,118,105,12,1,0,0,0,113,51,27,0,0,0,118,0
Kansas,Ford,20057,2019,304,301,3,0,0,0,0,54,31,15,0,0,0,0,304
Kansas,Johnson,20091,2019,362,308,54,0,0,0,0,77,53,38,0,0,246,116,0
Kansas,Leavenworth,20103,2019,362,347,15,0,0,0,0,97,45,33,0,0,362,0,0
Kansas,Neosho,20133,2019,365,219,145,1,0,0,0,119,62,45,0,0,122,242,1
Kansas,Sedgwick,20173,2019,365,282,83,0,0,0,0,97,58,41,0,8,253,100,4
Kansas,Shawnee,20177,2019,365,216,148,0,1,0,0,161,63,45,0,0,128,237,0
Kansas,Sherman,20181,2019,358,354,4,0,0,0,0,58,31,12,0,0,0,0,358
Kansas,Sumner,20191,2019,365,287,78,0,0,0,0,97,57,41,0,3,244,110,8
Kansas,Trego,20195,2019,364,310,54,0,0,0,0,99,53,37,0,0,252,112,0
Kansas,Wyandotte,20209,2019,365,239,125,1,0,0,0,137,63,43,0,24,155,185,1
Kentucky,Bell,21013,2019,263,238,25,0,0,0,0,77,50,40,0,0,222,41,0
Kentucky,Boone,21015,2019,239,222,17,0,0,0,0,80,49,39,0,0,239,0,0
Kentucky,Boyd,21019,2019,365,259,106,0,0,0,0,74,58,44,0,4,124,236,1
Kentucky,Bullitt,21029,2019,243,214,29,0,0,0,0,93,51,41,0,0,243,0,0
Kentucky,Campbell,21037,2019,362,241,120,1,0,0,0,108,60,44,0,21,127,214,0
Kentucky,Carter,21043,2019,285,266,19,0,0,0,0,67,49,37,0,0,215,69,1
Kentucky,Christian,21047,2019,278,228,50,0,0,0,0,80,54,40,0,0,198,80,0
Kentucky,Daviess,21059,2019,364,220,143,1,0,0,0,101,63,46,0,0,137,227,0
Kentucky,Edmonson,21061,2019,365,225,140,0,0,0,0,77,60,46,0,0,134,231,0
Kentucky,Fayette,21067,2019,364,231,133,0,0,0,0,80,58,46,0,5,127,232,0
Kentucky,Greenup,21089,2019,242,237,5,0,0,0,0,58,45,37,0,0,242,0,0
Kentucky,Hancock,21091,2019,245,208,37,0,0,0,0,84,54,42,0,0,245,0,0
Kentucky,Hardin,21093,2019,363,261,102,0,0,0,0,72,57,44,0,0,128,235,0
Kentucky,Henderson,21101,2019,59,29,30,0,0,0,0,71,65,53,0,0,0,59,0
Kentucky,Jefferson,21111,2019,365,124,239,2,0,0,0,136,71,54,0,1,99,265,0
Kentucky,Jessamine,21113,2019,245,221,24,0,0,0,0,67,50,43,0,0,245,0,0
Kentucky,Livingston,21139,2019,261,237,24,0,0,0,0,77,50,41,0,0,242,0,19
Kentucky,McCracken,21145,2019,361,186,175,0,0,0,0,97,63,50,0,2,101,257,1
Kentucky,Morgan,21175,2019,356,341,15,0,0,0,0,80,47,36,0,0,356,0,0
Kentucky,Oldham,21185,2019,242,203,38,1,0,0,0,105,58,42,0,0,242,0,0
Kentucky,Perry,21193,2019,353,238,115,0,0,0,0,87,57,44,0,0,106,247,0
Kentucky,Pike,21195,2019,361,286,75,0,0,0,0,68,55,41,0,0,111,250,0
Kentucky,Pulaski,21199,2019,282,251,31,0,0,0,0,67,52,41,0,0,202,80,0
Kentucky,Simpson,21213,2019,244,222,22,0,0,0,0,67,50,40,0,0,244,0,0
Kentucky,Trigg,21221,2019,353,328,25,0,0,0,0,87,49,37,0,0,353,0,0
Kentucky,Warren,21227,2019,348,237,111,0,0,0,0,76,58,44,0,0,98,250,0
Kentucky,Washington,21229,2019,364,331,33,0,0,0,0,80,50,39,0,0,364,0,0
Louisiana,Ascension,22005,2019,361,319,41,1,0,0,0,101,54,33,0,7,354,0,0
Louisiana,Bossier,22015,2019,357,282,75,0,0,0,0,86,55,37,0,0,175,175,7
Louisiana,Caddo,22017,2019,356,271,85,0,0,0,0,82,59,39,0,0,251,105,0
Louisiana,Calcasieu,22019,2019,365,131,234,0,0,0,0,90,65,53,0,1,69,295,0
Louisiana,East Baton Rouge,22033,2019,365,190,173,2,0,0,0,108,71,50,0,3,102,260,0
Louisiana,Iberville,22047,2019,365,290,71,4,0,0,0,119,59,38,0,1,283,81,0
Louisiana,Jefferson,22051,2019,365,269,96,0,0,0,0,84,58,42,0,2,204,159,0
Louisiana,Lafayette,22055,2019,365,212,153,0,0,0,0,84,61,46,0,0,116,249,0
Louisiana,Lafourche,22057,2019,360,173,185,2,0,0,0,126,63,51,0,0,81,279,0
Louisiana,Livingston,22063,2019,365,198,167,0,0,0,0,97,63,48,0,0,103,262,0
Louisiana,Orleans,22071,2019,365,292,73,0,0,0,0,90,57,36,0,52,0,307,6
Louisiana,Ouachita,22073,2019,363,310,53,0,0,0,0,71,52,36,0,0,300,63,0
Louisiana,Pointe Coupee,22077,2019,351,322,26,3,0,0,0,112,49,33,0,0,351,0,0
Louisiana,Rapides,22079,2019,119,88,31,0,0,0,0,74,58,40,0,0,0,119,0
Louisiana,St. Bernard,22087,2019,365,159,205,1,0,0,0,112,64,52,0,0,82,283,0
Louisiana,St. James,22093,2019,359,344,15,0,0,0,0,97,46,29,0,0,359,0,0
Louisiana,St. John the Baptist,22095,2019,364,334,30,0,0,0,0,93,48,33,0,0,364,0,0
Louisiana,St. Martin,22099,2019,355,330,25,0,0,0,0,80,48,34,0,0,355,0,0
Louisiana,St. Tammany,22103,2019,363,266,97,0,0,0,0,84,60,41,0,0,187,176,0
Louisiana,Tangipahoa,22105,2019,117,84,33,0,0,0,0,68,58,40,0,0,0,117,0
Louisiana,Terrebonne,22109,2019,120,93,27,0,0,0,0,73,57,37,0,0,0,120,0
Louisiana,West Baton Rouge,22121,2019,364,202,162,0,0,0,0,100,62,47,0,8,93,263,0
Maine,Androscoggin,23001,2019,361,327,34,0,0,0,0,76,49,33,0,0,162,198,1
Maine,Aroostook,23003,2019,365,304,59,1,1,0,0,182,55,36,0,0,176,176,13
Maine,Cumberland,23005,2019,365,208,157,0,0,0,0,100,59,47,0,0,65,297,3
Maine,Hancock,23009,2019,365,339,25,1,0,0,0,105,49,37,2,0,320,42,1
Maine,Kennebec,23011,2019,361,352,9,0,0,0,0,70,44,29,0,129,211,21,0
Maine,Knox,23013,2019,213,204,9,0,0,0,0,84,47,36,0,0,213,0,0
Maine,Oxford,23017,2019,334,305,29,0,0,0,0,72,49,33,0,0,148,186,0
Maine,Penobscot,23019,2019,362,336,26,0,0,0,0,72,47,33,0,0,177,182,3
Maine,Washington,23029,2019,363,360,3,0,0,0,0,71,45,34,0,0,362,1,0
Maine,York,23031,2019,231,216,14,1,0,0,0,115,48,38,0,0,231,0,0
Maryland,Anne Arundel,24003,2019,264,179,78,7,0,0,0,143,77,45,0,0,243,0,21
Maryland,Baltimore,24005,2019,365,232,124,9,0,0,0,150,71,46,0,6,226,133,0
Maryland,Baltimore (City),24510,2019,363,217,140,6,0,0,0,126,65,46,0,15,142,206,0
Maryland,Calvert,24009,2019,232,214,18,0,0,0,0,71,49,39,0,0,232,0,0
Maryland,Carroll,24013,2019,241,205,35,1,0,0,0,101,54,43,0,0,241,0,0
Maryland,Cecil,24015,2019,361,265,93,3,0,0,0,150,61,42,0,0,203,158,0
Maryland,Charles,24017,2019,221,202,19,0,0,0,0,77,50,40,0,0,221,0,0
Maryland,Dorchester,24019,2019,365,281,81,3,0,0,0,126,58,43,0,0,280,85,0
Maryland,Frederick,24021,2019,243,198,44,1,0,0,0,112,58,44,0,0,243,0,0
Maryland,Garrett,24023,2019,365,311,54,0,0,0,0,71,53,39,2,0,238,125,0
Maryland,Harford,24025,2019,359,229,121,9,0,0,0,133,71,45,0,0,210,149,0
Maryland,Howard,24027,2019,365,267,98,0,0,0,0,81,58,39,0,77,0,288,0
Maryland,Kent,24029,2019,360,272,87,1,0,0,0,101,61,42,0,0,215,145,0
Maryland,Montgomery,24031,2019,361,284,77,0,0,0,0,88,57,41,0,0,190,171,0
Maryland,Prince George's,24033,2019,365,234,125,6,0,0,0,122,64,45,0,0,247,118,0
Maryland,Washington,24043,2019,360,279,81,0,0,0,0,93,58,42,0,0,173,187,0
Massachusetts,Barnstable,25001,2019,359,346,13,0,0,0,0,93,45,36,0,0,353,6,0
Massachusetts,Berkshire,25003,2019,364,266,98,0,0,0,0,87,57,41,0,0,151,213,0
Massachusetts,Bristol,25005,2019,364,279,85,0,0,0,0,97,56,43,0,0,248,116,0
Massachusetts,Dukes,25007,2019,352,329,19,4,0,0,0,126,48,39,0,0,341,11,0
Massachusetts,Essex,25009,2019,364,288,75,1,0,0,0,122,55,41,0,2,193,169,0
Massachusetts,Franklin,25011,2019,364,281,83,0,0,0,0,89,56,40,0,0,189,175,0
Massachusetts,Hampden,25013,2019,364,260,104,0,0,0,0,93,58,43,0,6,157,201,0
Massachusetts,Hampshire,25015,2019,364,296,68,0,0,0,0,93,54,41,0,1,231,132,0
Massachusetts,Middlesex,25017,2019,364,289,75,0,0,0,0,80,54,41,0,7,168,189,0
Massachusetts,Norfolk,25021,2019,362,352,10,0,0,0,0,100,44,34,0,13,349,0,0
Massachusetts,Plymouth,25023,2019,363,289,74,0,0,0,0,90,54,40,0,0,193,170,0
Massachusetts,Suffolk,25025,2019,365,224,141,0,0,0,0,87,58,46,1,6,61,297,0
Massachusetts,Worcester,25027,2019,365,238,127,0,0,0,0,93,59,45,1,3,127,234,0
Michigan,Allegan,26005,2019,276,224,48,4,0,0,0,115,62,39,0,0,231,45,0
Michigan,Bay,26017,2019,316,252,64,0,0,0,0,85,55,34,0,0,0,316,0
Michigan,Benzie,26019,2019,247,232,15,0,0,0,0,93,46,36,0,0,247,0,0
Michigan,Berrien,26021,2019,260,232,26,2,0,0,0,112,51,39,0,0,260,0,0
Michigan,Cass,26027,2019,255,229,26,0,0,0,0,90,51,39,0,0,255,0,0
Michigan,Chippewa,26033,2019,58,42,16,0,0,0,0,66,56,43,0,0,0,58,0
Michigan,Clinton,26037,2019,248,243,5,0,0,0,0,67,46,35,0,0,248,0,0
Michigan,Genesee,26049,2019,340,225,115,0,0,0,0,75,60,42,0,0,145,195,0
Michigan,Huron,26063,2019,259,250,9,0,0,0,0,90,46,36,0,0,259,0,0
Michigan,Ingham,26065,2019,365,274,91,0,0,0,0,78,55,40,0,2,144,219,0
Michigan,Kalamazoo,26077,2019,362,260,102,0,0,0,0,87,58,43,0,0,139,223,0
Michigan,Kent,26081,2019,365,261,104,0,0,0,0,90,59,40,3,0,174,184,4
Michigan,Keweenaw,26083,2019,117,114,3,0,0,0,0,73,28,12,0,0,0,117,0
Michigan,Lenawee,26091,2019,358,233,125,0,0,0,0,91,61,44,0,0,122,236,0
Michigan,Macomb,26099,2019,292,238,53,1,0,0,0,101,58,39,0,0,234,58,0
Michigan,Manistee,26101,2019,269,243,25,1,0,0,0,101,50,36,0,0,233,36,0
Michigan,Mason,26105,2019,254,244,10,0,0,0,0,64,46,35,0,0,254,0,0
Michigan,Missaukee,26113,2019,363,306,57,0,0,0,0,74,54,36,0,0,252,111,0
Michigan,Monroe,26115,2019,61,57,4,0,0,0,0,76,46,16,0,0,0,0,61
Michigan,Muskegon,26121,2019,262,236,25,1,0,0,0,133,50,38,0,0,262,0,0
Michigan,Oakland,26125,2019,293,233,58,2,0,0,0,122,60,39,0,0,228,65,0
Michigan,Ottawa,26139,2019,360,300,60,0,0,0,0,100,61,37,0,78,216,63,3
Michigan,Schoolcraft,26153,2019,364,339,25,0,0,0,0,90,46,31,0,0,222,142,0
Michigan,St. Clair,26147,2019,365,266,96,3,0,0,0,108,60,41,0,0,138,227,0
Michigan,Tuscola,26157,2019,355,345,10,0,0,0,0,77,46,33,0,0,355,0,0
Michigan,Washtenaw,26161,2019,365,248,117,0,0,0,0,89,61,44,0,0,174,191,0
Michigan,Wayne,26163,2019,365,81,275,9,0,0,0,142,77,58,0,4,28,325,8
Michigan,Wexford,26165,2019,340,322,18,0,0,0,0,74,46,34,0,0,340,0,0
Minnesota,Anoka,27003,2019,364,274,89,1,0,0,0,122,59,39,2,5,205,152,0
Minnesota,Becker,27005,2019,360,325,34,1,0,0,0,105,50,31,0,0,170,190,0
Minnesota,Beltrami,27007,2019,352,307,43,1,1,0,0,191,53,26,0,0,0,352,0
Minnesota,Carlton,27017,2019,356,341,15,0,0,0,0,80,45,28,0,0,206,150,0
Minnesota,Cass,27021,2019,350,321,28,1,0,0,0,125,44,18,0,0,0,350,0
Minnesota,Cook,27031,2019,334,317,17,0,0,0,0,81,39,22,0,0,0,334,0
Minnesota,Crow Wing,27035,2019,359,324,34,1,0,0,0,101,50,31,0,0,162,197,0
Minnesota,Dakota,27037,2019,365,269,96,0,0,0,0,90,61,36,0,23,0,342,0
Minnesota,Goodhue,27049,2019,216,203,13,0,0,0,0,97,48,37,0,0,216,0,0
Minnesota,Hennepin,27053,2019,365,187,178,0,0,0,0,95,65,49,0,3,41,230,91
Minnesota,Lake,27075,2019,363,333,30,0,0,0,0,83,48,31,0,0,117,213,33
Minnesota,Lyon,27083,2019,362,306,56,0,0,0,0,87,54,34,0,0,163,199,0
Minnesota,Mille Lacs,27095,2019,247,239,8,0,0,0,0,90,44,32,0,0,247,0,0
Minnesota,Olmsted,27109,2019,364,271,93,0,0,0,0,86,60,40,0,0,137,227,0
Minnesota,Ramsey,27123,2019,365,246,119,0,0,0,0,91,63,39,0,0,0,346,19
Minnesota,Saint Louis,27137,2019,365,306,58,1,0,0,0,101,55,38,0,0,153,203,9
Minnesota,Scott,27139,2019,365,273,92,0,0,0,0,93,58,38,0,0,192,173,0
Minnesota,Stearns,27145,2019,344,290,54,0,0,0,0,94,55,34,0,0,194,150,0
Minnesota,Washington,27163,2019,260,192,68,0,0,0,0,87,64,37,0,0,170,89,1
Minnesota,Winona,27169,2019,115,102,13,0,0,0,0,65,52,21,0,0,0,115,0
Minnesota,Wright,27171,2019,362,289,73,0,0,0,0,90,58,36,0,0,199,163,0
Mississippi,Bolivar,28011,2019,364,197,167,0,0,0,0,96,64,49,0,0,95,269,0
Mississippi,DeSoto,28033,2019,364,222,141,1,0,0,0,136,60,46,0,0,93,271,0
Mississippi,Forrest,28035,2019,358,210,148,0,0,0,0,77,60,46,0,0,0,358,0
Mississippi,Hancock,28045,2019,365,263,102,0,0,0,0,80,58,43,0,0,122,243,0
Mississippi,Harrison,28047,2019,363,201,162,0,0,0,0,97,63,47,0,0,69,294,0
Mississippi,Hinds,28049,2019,365,161,204,0,0,0,0,100,66,52,0,0,70,295,0
Mississippi,Jackson,28059,2019,365,232,132,1,0,0,0,105,61,46,0,0,94,271,0
Mississippi,Lauderdale,28075,2019,245,229,16,0,0,0,0,77,49,36,0,0,245,0,0
Mississippi,Lee,28081,2019,241,222,19,0,0,0,0,84,49,39,0,0,241,0,0
Mississippi,Yalobusha,28161,2019,348,334,14,0,0,0,0,71,45,33,0,0,348,0,0
Missouri,Andrew,29003,2019,245,227,18,0,0,0,0,80,49,40,0,0,245,0,0
Missouri,Boone,29019,2019,245,239,6,0,0,0,0,71,46,38,0,0,245,0,0
Missouri,Buchanan,29021,2019,365,223,142,0,0,0,0,84,61,42,0,0,0,327,38
Missouri,Callaway,29027,2019,245,238,7,0,0,0,0,71,47,39,0,0,245,0,0
Missouri,Cass,29037,2019,365,289,76,0,0,0,0,93,57,42,0,0,173,192,0
Missouri,Cedar,29039,2019,351,237,114,0,0,0,0,80,61,44,0,0,128,223,0
Missouri,Clay,29047,2019,365,266,99,0,0,0,0,90,61,43,0,0,203,162,0
Missouri,Clinton,29049,2019,245,213,32,0,0,0,0,87,54,42,0,0,245,0,0
Missouri,Greene,29077,2019,365,262,103,0,0,0,0,77,57,43,0,0,143,208,14
Missouri,Jackson,29095,2019,365,192,173,0,0,0,0,93,65,49,0,19,0,330,16
Missouri,Jasper,29097,2019,365,324,40,1,0,0,0,108,51,37,0,0,220,0,145
Missouri,Jefferson,29099,2019,361,252,107,2,0,0,0,105,62,42,0,0,182,167,12
Missouri,Lincoln,29113,2019,245,223,22,0,0,0,0,100,50,40,0,0,245,0,0
Missouri,Monroe,29137,2019,365,357,8,0,0,0,0,71,45,35,0,0,365,0,0
Missouri,Perry,29157,2019,245,224,21,0,0,0,0,87,50,40,0,0,245,0,0
Missouri,Saint Charles,29183,2019,244,202,38,3,1,0,0,151,58,42,0,0,244,0,0
Missouri,Sainte Genevieve,29186,2019,244,229,15,0,0,0,0,87,49,38,0,0,244,0,0
Missouri,St. Louis City,29510,2019,365,135,225,5,0,0,0,129,72,54,0,4,91,264,6
Missouri,Stoddard,29207,2019,107,89,18,0,0,0,0,61,53,31,0,0,0,107,0
Missouri,Taney,29213,2019,120,112,8,0,0,0,0,59,46,26,0,0,0,120,0
Montana,Cascade,30013,2019,363,326,36,1,0,0,0,106,51,28,0,0,0,363,0
Montana,Fergus,30027,2019,365,343,22,0,0,0,0,86,48,38,0,0,313,50,2
Montana,Flathead,30029,2019,365,267,97,1,0,0,0,103,61,39,0,0,198,143,24
Montana,Gallatin,30031,2019,365,301,64,0,0,0,0,92,55,33,4,15,0,346,0
Montana,Lake,30047,2019,93,92,1,0,0,0,0,53,26,10,0,0,0,93,0
Montana,Lewis and Clark,30049,2019,365,251,112,2,0,0,0,144,68,43,0,0,200,165,0
Montana,Lincoln,30053,2019,364,189,174,1,0,0,0,102,75,48,0,0,0,353,11
Montana,Missoula,30063,2019,365,173,188,3,1,0,0,153,78,52,0,0,0,364,1
Montana,Phillips,30071,2019,365,342,23,0,0,0,0,71,48,34,0,0,295,70,0
Montana,Powder River,30075,2019,361,312,48,1,0,0,0,145,52,38,0,0,272,84,5
Montana,Powell,30077,2019,109,105,4,0,0,0,0,84,33,12,0,0,0,109,0
Montana,Ravalli,30081,2019,364,303,61,0,0,0,0,77,55,19,0,0,0,364,0
Montana,Richland,30083,2019,365,322,43,0,0,0,0,93,51,37,0,0,275,85,5
Montana,Roosevelt,30085,2019,93,89,4,0,0,0,0,54,29,13,0,0,0,93,0
Montana,Rosebud,30087,2019,365,328,36,1,0,0,0,108,51,36,0,2,269,64,30
Montana,Sanders,30089,2019,365,289,76,0,0,0,0,95,56,33,0,0,0,357,8
Montana,Sheridan,30091,2019,104,101,3,0,0,0,0,57,36,16,0,0,0,104,0
Montana,Silver Bow,30093,2019,363,293,70,0,0,0,0,92,60,24,0,0,0,236,127
Montana,Yellowstone,30111,2019,292,271,20,0,1,0,0,159,47,31,0,0,0,292,0
Nebraska,Cass,31025,2019,348,348,0,0,0,0,0,46,26,13,0,0,0,0,348
Nebraska,Douglas,31055,2019,365,273,92,0,0,0,0,80,59,42,0,0,156,207,2
Nebraska,Hall,31079,2019,97,87,10,0,0,0,0,64,51,25,0,0,0,97,0
Nebraska,Knox,31107,2019,355,342,13,0,0,0,0,80,46,35,0,0,355,0,0
Nebraska,Lancaster,31109,2019,288,249,39,0,0,0,0,70,52,36,0,0,214,74,0
Nebraska,Sarpy,31153,2019,350,240,110,0,0,0,0,82,60,39,0,0,0,350,0
Nebraska,Scotts Bluff,31157,2019,113,107,6,0,0,0,0,74,45,25,0,0,0,113,0
Nebraska,Thomas,31171,2019,109,105,4,0,0,0,0,62,34,16,0,0,0,109,0
Nebraska,Washington,31177,2019,116,95,21,0,0,0,0,78,55,34,0,0,0,116,0
Nevada,Carson City,32510,2019,365,296,69,0,0,0,0,97,58,44,0,0,277,88,0
Nevada,Churchill,32001,2019,353,323,30,0,0,0,0,80,50,41,0,0,353,0,0
Nevada,Clark,32003,2019,365,128,232,5,0,0,0,122,87,58,1,10,236,110,8
Nevada,Douglas,32005,2019,356,318,38,0,0,0,0,66,52,17,0,0,0,356,0
Nevada,Elko,32007,2019,365,356,9,0,0,0,0,77,31,14,0,0,12,23,330
Nevada,Lyon,32019,2019,356,344,12,0,0,0,0,71,47,38,0,0,346,0,10
Nevada,Nye,32023,2019,365,352,12,1,0,0,0,146,31,15,0,0,0,0,365
Nevada,Washoe,32031,2019,365,214,151,0,0,0,0,97,64,48,0,2,273,87,3
Nevada,White Pine,32033,2019,362,294,67,1,0,0,0,101,61,44,0,0,361,1,0
New Hampshire,Belknap,33001,2019,316,292,24,0,0,0,0,77,48,32,0,0,157,159,0
New Hampshire,Cheshire,33005,2019,365,331,34,0,0,0,0,82,50,35,0,0,254,111,0
New Hampshire,Coos,33007,2019,324,313,11,0,0,0,0,64,47,40,0,0,304,20,0
New Hampshire,Grafton,33009,2019,365,332,33,0,0,0,0,65,50,35,0,0,248,117,0
New Hampshire,Hillsborough,33011,2019,365,345,20,0,0,0,0,80,47,37,0,0,337,28,0
New Hampshire,Merrimack,33013,2019,210,206,4,0,0,0,0,61,44,36,0,0,210,0,0
New Hampshire,Rockingham,33015,2019,365,319,45,1,0,0,0,112,52,39,0,0,255,110,0
New Jersey,Atlantic,34001,2019,365,270,94,1,0,0,0,105,55,42,0,0,178,187,0
New Jersey,Bergen,34003,2019,365,149,211,5,0,0,0,150,73,53,0,32,56,277,0
New Jersey,Camden,34007,2019,365,173,187,5,0,0,0,126,71,51,0,9,123,233,0
New Jersey,Cumberland,34011,2019,361,254,104,3,0,0,0,105,61,44,0,1,204,156,0
New Jersey,Essex,34013,2019,365,206,159,0,0,0,0,100,65,47,0,42,122,201,0
New Jersey,Gloucester,34015,2019,280,229,50,1,0,0,0,133,57,37,0,0,207,73,0
New Jersey,Hudson,34017,2019,365,211,154,0,0,0,0,93,64,47,0,57,78,230,0
New Jersey,Hunterdon,34019,2019,362,256,105,1,0,0,0,108,62,43,0,0,178,184,0
New Jersey,Mercer,34021,2019,365,232,131,2,0,0,0,136,64,45,0,0,196,169,0
New Jersey,Middlesex,34023,2019,362,243,116,3,0,0,0,115,63,43,0,6,182,174,0
New Jersey,Monmouth,34025,2019,240,217,23,0,0,0,0,100,50,37,0,0,240,0,0
New Jersey,Morris,34027,2019,364,325,39,0,0,0,0,87,51,36,0,11,322,31,0
New Jersey,Ocean,34029,2019,349,266,81,2,0,0,0,150,60,40,0,0,191,158,0
New Jersey,Passaic,34031,2019,277,226,50,1,0,0,0,122,57,40,0,0,209,68,0
New Jersey,Union,34039,2019,365,167,198,0,0,0,0,100,63,52,0,33,0,332,0
New Jersey,Warren,34041,2019,364,279,84,1,0,0,0,103,57,39,0,26,121,217,0
New Mexico,Bernalillo,35001,2019,365,134,227,4,0,0,0,108,77,55,0,1,218,110,36
New Mexico,Catron,35003,2019,111,111,0,0,0,0,0,42,24,12,0,0,0,111,0
New Mexico,Chaves,35005,2019,118,113,5,0,0,0,0,58,42,21,0,0,0,118,0
New Mexico,Dona Ana,35013,2019,365,156,185,17,3,2,2,645,87,54,0,4,244,60,57
New Mexico,Eddy,35015,2019,365,212,134,17,2,0,0,174,90,47,0,1,360,4,0
New Mexico,Lea,35025,2019,365,210,151,4,0,0,0,140,71,48,0,4,252,109,0
New Mexico,Lincoln,35027,2019,107,107,0,0,0,0,0,42,28,13,0,0,0,107,0
New Mexico,Los Alamos,35028,2019,117,117,0,0,0,0,0,42,21,12,0,0,0,117,0
New Mexico,Luna,35029,2019,361,349,10,1,0,0,1,630,29,12,0,0,0,0,361
New Mexico,Rio Arriba,35039,2019,358,315,43,0,0,0,0,90,54,43,0,0,354,4,0
New Mexico,San Juan,35045,2019,365,208,157,0,0,0,0,97,90,49,0,3,362,0,0
New Mexico,Sandoval,35043,2019,363,275,88,0,0,0,0,97,61,44,0,0,350,11,2
New Mexico,Santa Fe,35049,2019,362,273,88,1,0,0,0,101,67,44,0,0,349,13,0
New Mexico,Socorro,35053,2019,92,92,0,0,0,0,0,41,26,14,0,0,0,92,0
New Mexico,Taos,35055,2019,358,315,43,0,0,0,0,73,53,21,0,0,0,358,0
New Mexico,Valencia,35061,2019,357,270,87,0,0,0,0,93,67,44,0,0,357,0,0
New York,Albany,36001,2019,365,276,89,0,0,0,0,93,58,41,0,0,151,214,0
New York,Bronx,36005,2019,365,212,150,3,0,0,0,115,66,46,0,28,114,223,0
New York,Chautauqua,36013,2019,343,302,40,1,0,0,0,105,53,38,0,0,302,41,0
New York,Dutchess,36027,2019,331,319,12,0,0,0,0,90,45,34,0,0,331,0,0
New York,Erie,36029,2019,365,262,103,0,0,0,0,93,59,43,0,12,130,223,0
New York,Essex,36031,2019,364,327,37,0,0,0,0,80,51,42,0,0,357,7,0
New York,Franklin,36033,2019,177,177,0,0,0,0,0,49,42,31,0,0,177,0,0
New York,Hamilton,36041,2019,323,321,2,0,0,0,0,54,44,35,0,0,323,0,0
New York,Herkimer,36043,2019,185,185,0,0,0,0,0,45,37,29,0,0,185,0,0
New York,Jefferson,36045,2019,205,198,7,0,0,0,0,64,46,35,0,0,205,0,0
New York,Kings,36047,2019,365,280,85,0,0,0,0,78,55,36,0,0,0,365,0
New York,Monroe,36055,2019,365,272,93,0,0,0,0,90,57,40,0,0,140,225,0
New York,Nassau,36059,2019,360,308,52,0,0,0,0,72,53,29,0,0,0,360,0
New York,New York,36061,2019,365,219,144,2,0,0,0,136,62,46,0,0,124,241,0
New York,Niagara,36063,2019,352,339,13,0,0,0,0,80,44,35,0,0,352,0,0
New York,Oneida,36065,2019,355,331,24,0,0,0,0,64,47,23,0,0,0,355,0
New York,Onondaga,36067,2019,365,301,64,0,0,0,0,77,55,39,0,0,221,144,0
New York,Orange,36071,2019,365,307,58,0,0,0,0,74,54,39,0,0,202,163,0
New York,Oswego,36075,2019,321,316,5,0,0,0,0,67,45,34,0,0,321,0,0
New York,Putnam,36079,2019,329,313,15,1,0,0,0,101,46,35,0,0,329,0,0
New York,Queens,36081,2019,365,234,127,4,0,0,0,119,61,45,0,42,141,182,0
New York,Richmond,36085,2019,365,275,90,0,0,0,0,97,60,41,0,0,177,188,0
New York,Rockland,36087,2019,365,314,50,1,0,0,0,112,53,39,0,0,268,97,0
New York,Saratoga,36091,2019,331,328,3,0,0,0,0,58,44,33,0,0,331,0,0
New York,Steuben,36101,2019,365,315,50,0,0,0,0,69,53,37,0,0,208,157,0
New York,Suffolk,36103,2019,365,276,80,9,0,0,0,150,64,43,0,0,261,104,0
New York,Tompkins,36109,2019,356,349,7,0,0,0,0,61,45,35,0,0,356,0,0
New York,Wayne,36117,2019,268,253,15,0,0,0,0,90,47,35,0,0,268,0,0
New York,Westchester,36119,2019,365,309,55,1,0,0,0,105,55,38,0,0,262,103,0
North Carolina,Alexander,37003,2019,305,274,31,0,0,0,0,80,51,39,0,0,245,0,60
North Carolina,Avery,37011,2019,363,333,30,0,0,0,0,77,49,40,0,0,349,14,0
North Carolina,Buncombe,37021,2019,365,277,88,0,0,0,0,84,55,42,0,0,146,219,0
North Carolina,Caldwell,37027,2019,243,214,29,0,0,0,0,74,54,42,0,0,243,0,0
North Carolina,Carteret,37031,2019,259,239,20,0,0,0,0,80,50,37,0,0,259,0,0
North Carolina,Caswell,37033,2019,245,236,9,0,0,0,0,64,47,39,0,0,245,0,0
North Carolina,Catawba,37035,2019,361,215,146,0,0,0,0,74,59,44,0,0,0,361,0
North Carolina,Cumberland,37051,2019,363,236,127,0,0,0,0,84,61,44,0,0,156,204,3
North Carolina,Davidson,37057,2019,350,199,151,0,0,0,0,92,61,47,0,0,0,350,0
North Carolina,Durham,37063,2019,364,207,157,0,0,0,0,87,60,47,0,0,138,226,0
North Carolina,Edgecombe,37065,2019,363,275,88,0,0,0,0,71,55,40,0,0,136,227,0
North Carolina,Forsyth,37067,2019,365,175,190,0,0,0,0,97,66,51,0,6,114,245,0
North Carolina,Graham,37075,2019,245,191,54,0,0,0,0,97,61,44,0,0,245,0,0
North Carolina,Granville,37077,2019,240,195,45,0,0,0,0,87,64,44,0,0,240,0,0
North Carolina,Guilford,37081,2019,365,244,121,0,0,0,0,90,61,44,0,0,180,166,19
North Carolina,Haywood,37087,2019,276,211,65,0,0,0,0,97,64,45,0,0,244,32,0
North Carolina,Hyde,37095,2019,102,98,4,0,0,0,0,63,42,24,0,0,0,102,0
North Carolina,Jackson,37099,2019,103,85,18,0,0,0,0,66,54,34,0,0,0,103,0
North Carolina,Johnston,37101,2019,363,224,139,0,0,0,0,87,60,46,0,0,106,257,0
North Carolina,Lenoir,37107,2019,237,205,32,0,0,0,0,87,54,42,0,0,237,0,0
North Carolina,Lincoln,37109,2019,243,178,65,0,0,0,0,97,64,44,0,0,243,0,0
North Carolina,Macon,37113,2019,358,343,15,0,0,0,0,87,46,33,0,0,358,0,0
North Carolina,Martin,37117,2019,295,261,34,0,0,0,0,74,51,40,0,0,237,0,58
North Carolina,Mecklenburg,37119,2019,365,161,194,10,0,0,0,136,71,52,0,1,146,218,0
North Carolina,Mitchell,37121,2019,333,290,43,0,0,0,0,63,52,29,0,0,0,333,0
North Carolina,Montgomery,37123,2019,365,256,109,0,0,0,0,71,58,44,0,0,153,212,0
North Carolina,New Hanover,37129,2019,348,305,43,0,0,0,0,80,53,37,0,0,209,139,0
North Carolina,Northampton,37131,2019,153,102,51,0,0,0,0,74,56,43,0,11,0,142,0
North Carolina,Person,37145,2019,244,200,44,0,0,0,0,80,58,44,0,0,244,0,0
North Carolina,Pitt,37147,2019,352,271,81,0,0,0,0,87,55,41,0,0,156,196,0
North Carolina,Rockingham,37157,2019,245,207,38,0,0,0,0,84,58,44,0,0,245,0,0
North Carolina,Rowan,37159,2019,365,276,89,0,0,0,0,100,67,44,0,0,319,46,0
North Carolina,Swain,37173,2019,362,259,103,0,0,0,0,90,56,42,0,0,121,241,0
North Carolina,Union,37179,2019,235,175,57,3,0,0,0,105,64,45,0,0,235,0,0
North Carolina,Wake,37183,2019,365,141,224,0,0,0,0,93,64,53,1,1,90,273,0
North Carolina,Yancey,37199,2019,244,191,53,0,0,0,0,87,64,45,0,0,244,0,0
North Dakota,Billings,38007,2019,365,346,19,0,0,0,0,84,46,34,0,0,310,55,0
North Dakota,Burke,38013,2019,365,348,17,0,0,0,0,67,47,34,0,1,302,62,0
North Dakota,Burleigh,38015,2019,365,299,66,0,0,0,0,90,55,36,0,5,155,205,0
North Dakota,Cass,38017,2019,363,301,60,1,1,0,0,157,54,36,0,7,197,159,0
North Dakota,Dunn,38025,2019,365,343,22,0,0,0,0,87,47,35,0,0,303,62,0
North Dakota,McKenzie,38053,2019,365,343,22,0,0,0,0,77,49,35,0,1,309,55,0
North Dakota,Mercer,38057,2019,365,301,64,0,0,0,0,72,53,38,0,0,204,161,0
North Dakota,Oliver,38065,2019,365,330,35,0,0,0,0,84,50,36,0,0,301,64,0
North Dakota,Ward,38101,2019,364,336,28,0,0,0,0,87,46,31,0,5,217,138,4
North Dakota,Williams,38105,2019,362,324,38,0,0,0,0,77,51,34,0,0,263,97,2
Ohio,Adams,39001,2019,327,294,33,0,0,0,0,66,51,28,0,0,0,327,0
Ohio,Allen,39003,2019,332,229,103,0,0,0,0,97,61,44,0,0,167,165,0
Ohio,Ashtabula,39007,2019,245,221,23,1,0,0,0,112,50,39,0,0,245,0,0
Ohio,Athens,39009,2019,120,99,21,0,0,0,0,61,53,33,0,0,0,120,0
Ohio,Belmont,39013,2019,365,327,38,0,0,0,0,69,51,15,15,250,0,91,9
Ohio,Butler,39017,2019,364,236,126,2,0,0,0,101,70,44,0,0,267,92,5
Ohio,Clark,39023,2019,362,147,213,2,0,0,0,105,67,53,0,0,102,260,0
Ohio,Clermont,39025,2019,358,247,107,4,0,0,0,140,61,44,0,0,177,181,0
Ohio,Clinton,39027,2019,244,203,41,0,0,0,0,100,58,43,0,0,244,0,0
Ohio,Columbiana,39029,2019,62,62,0,0,0,0,0,26,22,12,0,0,0,0,62
Ohio,Cuyahoga,39035,2019,365,116,245,4,0,0,0,108,74,56,0,0,78,277,10
Ohio,Delaware,39041,2019,241,214,27,0,0,0,0,84,51,41,0,0,241,0,0
Ohio,Fayette,39047,2019,355,332,23,0,0,0,0,74,48,38,0,0,355,0,0
Ohio,Franklin,39049,2019,365,157,207,1,0,0,0,101,68,53,0,0,111,253,1
Ohio,Geauga,39055,2019,230,189,39,2,0,0,0,119,61,42,0,0,230,0,0
Ohio,Greene,39057,2019,243,213,30,0,0,0,0,90,54,41,0,0,243,0,0
Ohio,Hamilton,39061,2019,365,99,260,6,0,0,0,119,77,57,0,4,88,273,0
Ohio,Harrison,39067,2019,293,277,16,0,0,0,0,64,41,2,236,0,0,57,0
Ohio,Jefferson,39081,2019,364,143,219,2,0,0,0,123,66,53,0,0,47,317,0
Ohio,Knox,39083,2019,245,218,27,0,0,0,0,93,51,41,0,0,245,0,0
Ohio,Lake,39085,2019,365,292,68,5,0,0,0,115,58,40,0,0,187,178,0
Ohio,Lawrence,39087,2019,365,263,102,0,0,0,0,77,55,43,0,0,131,234,0
Ohio,Licking,39089,2019,245,223,22,0,0,0,0,80,50,41,0,0,245,0,0
Ohio,Lorain,39093,2019,362,260,102,0,0,0,0,75,58,41,0,0,153,209,0
Ohio,Lucas,39095,2019,351,224,126,1,0,0,0,143,64,44,0,0,117,234,0
Ohio,Madison,39097,2019,245,209,36,0,0,0,0,93,54,42,0,0,245,0,0
Ohio,Mahoning,39099,2019,360,232,128,0,0,0,0,84,59,46,0,0,93,267,0
Ohio,Medina,39103,2019,353,230,123,0,0,0,0,81,58,44,0,0,99,254,0
Ohio,Miami,39109,2019,241,226,15,0,0,0,0,77,49,40,0,0,241,0,0
Ohio,Montgomery,39113,2019,365,163,202,0,0,0,0,95,67,52,0,0,101,264,0
Ohio,Noble,39121,2019,361,325,36,0,0,0,0,87,50,38,0,0,326,35,0
Ohio,Portage,39133,2019,270,233,37,0,0,0,0,87,54,38,0,0,202,68,0
Ohio,Preble,39135,2019,364,201,163,0,0,0,0,93,64,48,0,0,147,217,0
Ohio,Scioto,39145,2019,365,337,28,0,0,0,0,78,44,14,0,0,0,111,254
Ohio,Stark,39151,2019,365,157,208,0,0,0,0,100,71,52,0,0,115,250,0
Ohio,Summit,39153,2019,363,199,161,3,0,0,0,115,65,48,0,0,117,246,0
Ohio,Trumbull,39155,2019,362,249,113,0,0,0,0,100,60,44,0,0,162,200,0
Ohio,Warren,39165,2019,360,210,147,3,0,0,0,122,64,47,0,0,148,212,0
Ohio,Washington,39167,2019,245,219,26,0,0,0,0,87,51,41,0,0,245,0,0
Ohio,Wood,39173,2019,244,225,19,0,0,0,0,87,49,38,0,0,244,0,0
Oklahoma,Adair,40001,2019,365,295,70,0,0,0,0,88,54,40,1,0,215,148,1
Oklahoma,Canadian,40017,2019,355,306,48,1,0,0,0,105,54,37,0,0,355,0,0
Oklahoma,Carter,40019,2019,365,228,137,0,0,0,0,97,61,46,0,0,157,208,0
Oklahoma,Choctaw,40023,2019,252,238,14,0,0,0,0,90,47,37,0,0,252,0,0
Oklahoma,Cleveland,40027,2019,365,160,205,0,0,0,0,90,67,52,0,0,131,234,0
Oklahoma,Comanche,40031,2019,365,220,145,0,0,0,0,97,64,47,0,0,155,210,0
Oklahoma,Creek,40037,2019,356,331,24,1,0,0,0,101,48,36,0,0,356,0,0
Oklahoma,Custer,40039,2019,236,235,1,0,0,0,0,58,26,14,0,0,0,0,236
Oklahoma,Dewey,40043,2019,365,230,135,0,0,0,0,93,61,44,0,0,166,199,0
Oklahoma,Grant,40053,2019,27,27,0,0,0,0,0,43,42,22,0,0,0,27,0
Oklahoma,Johnston,40069,2019,141,128,13,0,0,0,0,67,50,40,0,0,141,0,0
Oklahoma,Kay,40071,2019,365,206,158,1,0,0,0,106,61,47,0,0,69,296,0
Oklahoma,Le Flore,40079,2019,38,31,7,0,0,0,0,82,56,36,0,0,0,36,2
Oklahoma,Mayes,40097,2019,297,283,14,0,0,0,0,100,46,35,0,0,297,0,0
Oklahoma,Muskogee,40101,2019,134,117,15,1,1,0,0,169,57,18,0,0,0,0,134
Oklahoma,Nowata,40105,2019,365,228,136,1,0,0,0,118,61,45,0,0,152,213,0
Oklahoma,Oklahoma,40109,2019,365,156,208,1,0,0,0,119,71,52,0,3,131,230,1
Oklahoma,Osage,40113,2019,354,311,43,0,0,0,0,90,51,38,0,0,354,0,0
Oklahoma,Ottawa,40115,2019,363,222,140,1,0,0,0,104,62,45,0,0,57,277,29
Oklahoma,Pittsburg,40121,2019,365,220,143,2,0,0,0,105,62,46,0,0,183,182,0
Oklahoma,Sequoyah,40135,2019,361,279,82,0,0,0,0,67,56,41,0,10,141,210,0
Oklahoma,Tulsa,40143,2019,365,188,176,1,0,0,0,105,67,50,0,0,133,232,0
Oregon,Baker,41001,2019,360,293,67,0,0,0,0,68,56,31,0,0,0,360,0
Oregon,Benton,41003,2019,365,302,63,0,0,0,0,87,56,22,0,0,0,365,0
Oregon,Clackamas,41005,2019,225,214,10,1,0,0,0,101,44,31,0,0,130,95,0
Oregon,Columbia,41009,2019,363,342,21,0,0,0,0,84,46,27,0,0,128,235,0
Oregon,Coos,41011,2019,107,99,8,0,0,0,0,63,47,25,0,0,0,107,0
Oregon,Crook,41013,2019,365,266,98,1,0,0,0,103,63,30,0,0,0,365,0
Oregon,Deschutes,41017,2019,365,309,51,4,1,0,0,154,53,26,0,0,0,365,0
Oregon,Douglas,41019,2019,347,256,91,0,0,0,0,82,64,32,0,0,0,347,0
Oregon,Grant,41023,2019,349,205,143,1,0,0,0,103,65,41,0,0,0,349,0
Oregon,Harney,41025,2019,364,204,155,5,0,0,0,131,70,44,0,0,0,364,0
Oregon,Jackson,41029,2019,365,249,109,3,4,0,0,190,64,41,0,0,123,242,0
Oregon,Jefferson,41031,2019,365,261,102,2,0,0,0,122,66,29,0,0,0,365,0
Oregon,Josephine,41033,2019,365,251,109,3,2,0,0,175,68,34,0,0,0,365,0
Oregon,Klamath,41035,2019,365,230,129,6,0,0,0,126,78,39,0,0,0,365,0
Oregon,Lake,41037,2019,363,288,74,1,0,0,0,106,61,25,0,0,0,363,0
Oregon,Lane,41039,2019,365,216,141,8,0,0,0,117,78,44,0,0,50,308,7
Oregon,Linn,41043,2019,365,233,130,2,0,0,0,104,66,37,0,0,0,365,0
Oregon,Marion,41047,2019,356,262,94,0,0,0,0,93,63,37,0,0,108,248,0
Oregon,Multnomah,41051,2019,365,283,82,0,0,0,0,91,58,36,0,3,168,194,0
Oregon,Umatilla,41059,2019,365,267,97,1,0,0,0,104,63,40,0,0,142,223,0
Oregon,Union,41061,2019,365,313,52,0,0,0,0,88,53,26,0,0,0,364,1
Oregon,Wallowa,41063,2019,363,289,73,1,0,0,0,103,56,29,0,0,0,363,0
Oregon,Wasco,41065,2019,350,262,88,0,0,0,0,89,62,31,0,0,0,350,0
Oregon,Washington,41067,2019,365,268,96,1,0,0,0,102,62,37,0,8,96,260,1
Pennsylvania,Adams,42001,2019,365,243,122,0,0,0,0,87,63,45,0,0,210,155,0
Pennsylvania,Allegheny,42003,2019,365,67,287,7,4,0,0,165,80,59,0,0,39,326,0
Pennsylvania,Armstrong,42005,2019,365,261,104,0,0,0,0,72,57,43,0,0,154,211,0
Pennsylvania,Beaver,42007,2019,365,183,181,1,0,0,0,132,67,50,0,0,150,215,0
Pennsylvania,Berks,42011,2019,365,230,129,5,1,0,0,170,67,44,0,0,167,198,0
Pennsylvania,Blair,42013,2019,352,220,132,0,0,0,0,93,64,46,0,0,147,205,0
Pennsylvania,Bradford,42015,2019,352,273,79,0,0,0,0,78,58,41,0,0,157,195,0
Pennsylvania,Bucks,42017,2019,357,318,36,3,0,0,0,136,54,35,0,0,357,0,0
Pennsylvania,Cambria,42021,2019,365,229,136,0,0,0,0,89,62,45,2,4,109,250,0
Pennsylvania,Centre,42027,2019,365,192,173,0,0,0,0,99,66,49,0,0,120,245,0
Pennsylvania,Chester,42029,2019,364,223,139,2,0,0,0,115,67,46,0,0,196,168,0
Pennsylvania,Clearfield,42033,2019,359,357,2,0,0,0,0,61,44,33,0,0,359,0,0
Pennsylvania,Cumberland,42041,2019,365,178,182,5,0,0,0,150,68,51,0,0,0,365,0
Pennsylvania,Dauphin,42043,2019,365,232,129,3,1,0,0,161,67,44,0,0,162,202,1
Pennsylvania,Delaware,42045,2019,365,180,178,7,0,0,0,133,74,51,0,1,136,228,0
Pennsylvania,Elk,42047,2019,357,345,12,0,0,0,0,80,46,35,0,0,357,0,0
Pennsylvania,Erie,42049,2019,364,271,93,0,0,0,0,93,56,39,2,4,172,186,0
Pennsylvania,Fayette,42051,2019,360,273,87,0,0,0,0,75,57,42,0,0,192,168,0
Pennsylvania,Franklin,42055,2019,341,324,17,0,0,0,0,80,48,36,0,0,341,0,0
Pennsylvania,Greene,42059,2019,349,294,55,0,0,0,0,71,54,38,0,0,190,159,0
Pennsylvania,Indiana,42063,2019,350,324,26,0,0,0,0,93,49,38,0,0,350,0,0
Pennsylvania,Lackawanna,42069,2019,365,309,56,0,0,0,0,82,53,39,0,11,234,120,0
Pennsylvania,Lancaster,42071,2019,365,160,195,9,1,0,0,159,76,52,0,0,104,261,0
Pennsylvania,Lawrence,42073,2019,361,356,5,0,0,0,0,74,43,31,0,0,361,0,0
Pennsylvania,Lebanon,42075,2019,360,219,137,4,0,0,0,142,66,46,0,0,135,225,0
Pennsylvania,Lehigh,42077,2019,360,254,103,3,0,0,0,119,64,43,0,0,159,199,2
Pennsylvania,Luzerne,42079,2019,361,350,11,0,0,0,0,77,45,34,0,0,352,0,9
Pennsylvania,Lycoming,42081,2019,361,322,39,0,0,0,0,77,51,37,0,0,269,92,0
Pennsylvania,Mercer,42085,2019,365,240,125,0,0,0,0,96,61,44,0,0,181,184,0
Pennsylvania,Monroe,42089,2019,349,340,9,0,0,0,0,80,45,34,0,0,349,0,0
Pennsylvania,Montgomery,42091,2019,362,262,99,1,0,0,0,129,61,40,0,0,163,199,0
Pennsylvania,Northampton,42095,2019,363,238,122,3,0,0,0,114,66,44,0,1,165,197,0
Pennsylvania,Philadelphia,42101,2019,365,193,166,6,0,0,0,140,72,49,0,12,131,222,0
Pennsylvania,Somerset,42111,2019,359,340,19,0,0,0,0,80,48,36,0,0,359,0,0
Pennsylvania,Susquehanna,42115,2019,352,292,60,0,0,0,0,79,55,32,0,0,0,352,0
Pennsylvania,Tioga,42117,2019,361,317,44,0,0,0,0,77,52,37,0,3,238,120,0
Pennsylvania,Washington,42125,2019,365,177,188,0,0,0,0,95,66,51,0,0,110,255,0
Pennsylvania,Westmoreland,42129,2019,354,276,78,0,0,0,0,93,55,41,0,0,195,159,0
Pennsylvania,Wyoming,42131,2019,27,18,9,0,0,0,0,87,67,38,0,0,0,27,0
Pennsylvania,York,42133,2019,365,232,133,0,0,0,0,94,60,44,0,17,160,188,0
Rhode Island,Kent,44003,2019,351,325,26,0,0,0,0,93,49,34,0,0,196,155,0
Rhode Island,Providence,44007,2019,365,222,143,0,0,0,0,90,61,46,0,2,157,206,0
Rhode Island,Washington,44009,2019,352,317,33,2,0,0,0,126,50,38,0,0,202,150,0
South Carolina,Aiken,45003,2019,113,103,10,0,0,0,0,97,50,37,0,0,113,0,0
South Carolina,Anderson,45007,2019,85,66,18,1,0,0,0,108,67,42,0,0,85,0,0
South Carolina,Berkeley,45015,2019,79,79,0,0,0,0,0,47,40,31,0,0,79,0,0
South Carolina,Charleston,45019,2019,357,262,95,0,0,0,0,76,56,42,0,0,41,315,1
South Carolina,Chesterfield,45025,2019,364,284,80,0,0,0,0,77,56,34,0,0,119,245,0
South Carolina,Colleton,45029,2019,7,7,0,0,0,0,0,41,41,26,0,0,0,7,0
South Carolina,Darlington,45031,2019,122,110,12,0,0,0,0,90,50,38,0,0,122,0,0
South Carolina,Edgefield,45037,2019,361,234,127,0,0,0,0,90,57,43,0,0,47,314,0
South Carolina,Florence,45041,2019,361,243,118,0,0,0,0,73,57,41,0,0,0,361,0
South Carolina,Georgetown,45043,2019,92,91,1,0,0,0,0,52,25,14,0,0,0,0,92
South Carolina,Greenville,45045,2019,365,211,154,0,0,0,0,97,63,46,0,12,57,288,8
South Carolina,Horry,45051,2019,101,99,2,0,0,0,0,77,44,35,0,0,101,0,0
South Carolina,Lexington,45063,2019,365,230,135,0,0,0,0,69,58,44,0,0,0,360,5
South Carolina,Oconee,45073,2019,307,241,66,0,0,0,0,74,55,37,0,0,69,238,0
South Carolina,Pickens,45077,2019,99,77,22,0,0,0,0,84,64,44,0,0,99,0,0
South Carolina,Richland,45079,2019,365,245,120,0,0,0,0,93,58,42,1,16,81,267,0
South Carolina,Spartanburg,45083,2019,348,206,140,2,0,0,0,105,61,45,0,0,63,285,0
South Carolina,York,45091,2019,365,210,148,7,0,0,0,133,64,47,0,0,146,219,0
South Dakota,Brookings,46011,2019,365,273,87,5,0,0,0,126,66,43,0,0,311,44,10
South Dakota,Brown,46013,2019,122,104,18,0,0,0,0,80,53,25,0,0,0,119,3
South Dakota,Codington,46029,2019,361,295,66,0,0,0,0,83,55,32,0,0,0,316,45
South Dakota,Custer,46033,2019,362,352,10,0,0,0,0,84,48,40,0,0,340,22,0
South Dakota,Hughes,46065,2019,356,338,18,0,0,0,0,69,37,14,0,0,0,356,0
South Dakota,Jackson,46071,2019,365,343,22,0,0,0,0,63,49,38,0,2,328,35,0
South Dakota,Meade,46093,2019,365,358,7,0,0,0,0,80,44,36,0,0,361,0,4
South Dakota,Minnehaha,46099,2019,365,301,63,1,0,0,0,105,55,37,0,7,265,91,2
South Dakota,Pennington,46103,2019,361,267,90,4,0,0,0,117,61,33,0,10,0,175,176
South Dakota,Union,46127,2019,364,306,58,0,0,0,0,97,56,37,0,2,233,121,8
Tennessee,Anderson,47001,2019,234,177,55,2,0,0,0,105,71,44,0,0,234,0,0
Tennessee,Blount,47009,2019,365,223,140,2,0,0,0,115,61,46,0,0,180,185,0
Tennessee,Claiborne,47025,2019,346,325,21,0,0,0,0,80,47,35,0,0,346,0,0
Tennessee,Davidson,47037,2019,365,151,213,1,0,0,0,101,64,52,0,10,63,292,0
Tennessee,DeKalb,47041,2019,363,335,28,0,0,0,0,80,49,37,0,0,363,0,0
Tennessee,Dyer,47045,2019,360,275,85,0,0,0,0,66,54,35,0,0,0,360,0
Tennessee,Hamilton,47065,2019,365,181,184,0,0,0,0,97,67,51,0,0,127,238,0
Tennessee,Jefferson,47089,2019,234,197,37,0,0,0,0,93,58,44,0,0,234,0,0
Tennessee,Knox,47093,2019,364,214,150,0,0,0,0,84,62,46,0,0,128,232,4
Tennessee,Lawrence,47099,2019,330,244,86,0,0,0,0,66,55,36,0,0,0,330,0
Tennessee,Loudon,47105,2019,365,251,114,0,0,0,0,93,58,43,0,0,120,245,0
Tennessee,Madison,47113,2019,362,262,100,0,0,0,0,65,56,36,0,0,0,362,0
Tennessee,Maury,47119,2019,362,301,61,0,0,0,0,66,53,31,0,0,0,362,0
Tennessee,McMinn,47107,2019,357,239,118,0,0,0,0,69,57,41,0,0,0,357,0
Tennessee,Montgomery,47125,2019,362,278,84,0,0,0,0,67,55,35,0,0,0,362,0
Tennessee,Putnam,47141,2019,360,291,69,0,0,0,0,67,54,33,0,0,0,360,0
Tennessee,Roane,47145,2019,356,251,105,0,0,0,0,75,55,37,0,0,0,356,0
Tennessee,Sevier,47155,2019,364,287,77,0,0,0,0,90,61,44,0,0,364,0,0
Tennessee,Shelby,47157,2019,365,152,209,4,0,0,0,148,67,52,0,3,118,243,1
Tennessee,Sullivan,47163,2019,362,240,121,1,0,0,0,119,59,44,0,0,158,204,0
Tennessee,Sumner,47165,2019,357,240,117,0,0,0,0,93,61,44,0,0,160,197,0
Tennessee,Williamson,47187,2019,245,215,30,0,0,0,0,84,51,42,0,0,245,0,0
Tennessee,Wilson,47189,2019,231,205,26,0,0,0,0,80,51,40,0,0,231,0,0
Texas,Bell,48027,2019,365,237,126,2,0,0,0,105,62,45,0,1,211,153,0
Texas,Bexar,48029,2019,365,117,242,5,1,0,0,175,74,55,0,0,93,271,1
Texas,Bowie,48037,2019,349,171,177,1,0,0,0,109,62,51,0,0,0,349,0
Texas,Brazoria,48039,2019,365,325,33,6,1,0,0,161,51,33,0,5,360,0,0
Texas,Brewster,48043,2019,362,278,84,0,0,0,0,93,57,42,0,0,257,105,0
Texas,Cameron,48061,2019,365,172,193,0,0,0,0,91,67,52,0,0,83,282,0
Texas,Collin,48085,2019,365,309,48,7,1,0,0,156,58,40,0,0,365,0,0
Texas,Culberson,48109,2019,176,153,21,2,0,0,0,108,52,36,0,0,102,74,0
Texas,Dallas,48113,2019,365,156,203,6,0,0,0,143,74,52,0,6,137,222,0
Texas,Denton,48121,2019,365,239,114,12,0,0,0,133,67,44,0,1,236,128,0
Texas,Ector,48135,2019,354,251,103,0,0,0,0,82,56,38,0,0,0,354,0
Texas,El Paso,48141,2019,365,100,252,11,2,0,0,159,84,57,0,6,142,214,3
Texas,Ellis,48139,2019,365,250,115,0,0,0,0,97,58,44,0,5,188,172,0
Texas,Galveston,48167,2019,362,247,107,8,0,0,0,136,63,43,0,3,215,143,1
Texas,Gregg,48183,2019,362,328,33,1,0,0,0,112,50,35,0,3,359,0,0
Texas,Harris,48201,2019,365,91,247,22,4,1,0,202,93,56,0,7,106,252,0
Texas,Harrison,48203,2019,358,242,116,0,0,0,0,90,58,44,0,0,131,227,0
Texas,Hidalgo,48215,2019,365,184,179,2,0,0,0,106,69,50,0,0,76,289,0
Texas,Hood,48221,2019,357,325,31,1,0,0,0,133,50,35,0,0,357,0,0
Texas,Hunt,48231,2019,364,345,19,0,0,0,0,97,47,35,0,3,361,0,0
Texas,Jefferson,48245,2019,365,194,165,6,0,0,0,150,67,49,0,0,142,223,0
Texas,Johnson,48251,2019,352,298,47,7,0,0,0,143,61,38,0,0,352,0,0
Texas,Kaufman,48257,2019,365,278,87,0,0,0,0,93,57,42,0,0,209,156,0
Texas,Kleberg,48273,2019,284,182,102,0,0,0,0,89,61,41,0,0,0,284,0
Texas,Lubbock,48303,2019,330,281,48,1,0,0,0,103,53,34,0,0,0,330,0
Texas,Maverick,48323,2019,339,246,92,1,0,0,0,104,59,34,0,0,0,339,0
Texas,McLennan,48309,2019,365,313,52,0,0,0,0,87,54,39,1,0,276,88,0
Texas,Montgomery,48339,2019,365,261,99,5,0,0,0,143,61,44,0,2,226,137,0
Texas,Navarro,48349,2019,362,275,87,0,0,0,0,100,57,42,0,0,211,151,0
Texas,Nueces,48355,2019,365,198,166,1,0,0,0,107,66,49,0,0,113,252,0
Texas,Orange,48361,2019,365,233,132,0,0,0,0,100,60,44,0,0,125,240,0
Texas,Parker,48367,2019,363,317,46,0,0,0,0,100,54,37,0,0,363,0,0
Texas,Polk,48373,2019,344,334,10,0,0,0,0,74,44,31,0,0,344,0,0
Texas,Potter,48375,2019,340,304,36,0,0,0,0,65,51,25,0,0,0,340,0
Texas,Randall,48381,2019,354,280,72,2,0,0,0,112,61,41,0,0,354,0,0
Texas,Rockwall,48397,2019,323,305,16,2,0,0,0,105,47,34,0,0,323,0,0
Texas,Smith,48423,2019,364,326,37,1,0,0,0,133,51,36,0,4,360,0,0
Texas,Tarrant,48439,2019,365,176,175,14,0,0,0,147,74,51,0,6,157,202,0
Texas,Travis,48453,2019,365,169,194,2,0,0,0,115,67,52,0,5,105,255,0
Texas,Victoria,48469,2019,341,319,22,0,0,0,0,87,48,31,0,0,341,0,0
Texas,Webb,48479,2019,365,187,177,1,0,0,0,109,71,50,0,0,74,290,1
Utah,Box Elder,49003,2019,364,300,62,2,0,0,0,121,54,41,0,61,261,42,0
Utah,Cache,49005,2019,365,247,104,14,0,0,0,147,69,46,0,0,259,106,0
Utah,Carbon,49007,2019,365,265,99,1,0,0,0,108,64,46,0,4,361,0,0
Utah,Davis,49011,2019,365,239,120,6,0,0,0,119,74,45,0,25,263,77,0
Utah,Duchesne,49013,2019,365,226,128,7,4,0,0,177,72,48,0,0,312,53,0
Utah,Garfield,49017,2019,299,258,41,0,0,0,0,80,51,41,0,0,268,31,0
Utah,Iron,49021,2019,365,320,45,0,0,0,0,84,52,43,0,14,301,50,0
Utah,Salt Lake,49035,2019,365,132,216,17,0,0,0,136,90,58,0,24,228,109,4
Utah,San Juan,49037,2019,363,286,70,3,1,3,0,268,58,44,0,0,363,0,0
Utah,Tooele,49045,2019,365,286,77,2,0,0,0,117,61,44,0,1,285,79,0
Utah,Uintah,49047,2019,365,157,186,17,4,1,0,205,87,54,0,0,342,23,0
Utah,Utah,49049,2019,365,217,147,1,0,0,0,107,70,48,0,4,267,93,1
Utah,Washington,49053,2019,365,283,82,0,0,0,0,93,61,45,0,0,332,33,0
Utah,Wayne,49055,2019,109,109,0,0,0,0,0,27,21,12,0,0,0,109,0
Utah,Weber,49057,2019,308,224,82,2,0,0,0,108,66,44,0,20,208,80,0
Vermont,Bennington,50003,2019,365,329,36,0,0,0,0,95,50,37,0,0,247,118,0
Vermont,Chittenden,50007,2019,365,306,59,0,0,0,0,82,54,39,0,0,205,160,0
Vermont,Rutland,50021,2019,365,281,84,0,0,0,0,89,58,40,0,1,160,203,1
Vermont,Windham,50025,2019,104,103,1,0,0,0,0,52,26,11,0,0,0,104,0
Virginia,Albemarle,51003,2019,282,251,31,0,0,0,0,67,51,41,0,0,218,64,0
Virginia,Alexandria City,51510,2019,109,109,0,0,0,0,0,16,8,5,0,0,0,0,109
Virginia,Arlington,51013,2019,365,294,70,1,0,0,0,112,61,40,1,90,216,58,0
Virginia,Bristol City,51520,2019,117,94,23,0,0,0,0,72,54,34,0,0,0,117,0
Virginia,Caroline,51033,2019,239,229,10,0,0,0,0,84,48,39,0,0,239,0,0
Virginia,Carroll,51035,2019,61,61,0,0,0,0,0,18,15,9,0,0,0,0,61
Virginia,Charles,51036,2019,356,321,35,0,0,0,0,90,50,36,0,86,200,70,0
Virginia,Chesterfield,51041,2019,280,235,45,0,0,0,0,87,54,40,0,0,209,71,0
Virginia,Fairfax,51059,2019,365,192,171,2,0,0,0,105,64,49,0,12,104,249,0
Virginia,Fauquier,51061,2019,233,229,4,0,0,0,0,64,45,37,0,0,233,0,0
Virginia,Frederick,51069,2019,365,277,88,0,0,0,0,96,55,42,0,0,136,229,0
Virginia,Giles,51071,2019,344,315,29,0,0,0,0,84,50,40,0,0,344,0,0
Virginia,Hampton City,51650,2019,364,283,81,0,0,0,0,84,55,42,1,2,179,182,0
Virginia,Hanover,51085,2019,243,216,27,0,0,0,0,90,54,41,0,0,243,0,0
Virginia,Henrico,51087,2019,363,310,53,0,0,0,0,100,54,38,4,17,278,64,0
Virginia,Hopewell City,51670,2019,57,57,0,0,0,0,0,19,15,8,0,0,0,0,57
Virginia,Loudoun,51107,2019,337,286,50,1,0,0,0,112,54,38,0,78,202,57,0
Virginia,Lynchburg City,51680,2019,108,91,17,0,0,0,0,61,53,34,0,0,0,108,0
Virginia,Madison,51113,2019,362,326,36,0,0,0,0,67,50,41,0,0,326,36,0
Virginia,Norfolk City,51710,2019,364,341,23,0,0,0,0,72,47,20,12,240,0,111,1
Virginia,Prince Edward,51147,2019,358,351,7,0,0,0,0,67,44,35,0,0,358,0,0
Virginia,Prince William,51153,2019,364,347,17,0,0,0,0,100,48,36,0,119,245,0,0
Virginia,Richmond City,51159,2019,362,236,126,0,0,0,0,96,58,43,2,60,0,300,0
Virginia,Roanoke,51161,2019,365,286,79,0,0,0,0,71,55,42,0,48,145,172,0
Virginia,Rockbridge,51163,2019,274,259,15,0,0,0,0,71,47,38,0,0,227,47,0
Virginia,Rockingham,51165,2019,365,333,32,0,0,0,0,69,50,38,0,91,213,61,0
Virginia,Salem City,51775,2019,118,90,28,0,0,0,0,65,54,34,0,0,0,118,0
Virginia,Stafford,51179,2019,260,244,16,0,0,0,0,93,49,39,0,0,240,0,20
Virginia,Suffolk City,51800,2019,245,223,22,0,0,0,0,97,50,41,0,0,245,0,0
Virginia,Virginia Beach City,51810,2019,115,94,21,0,0,0,0,70,56,34,0,0,0,115,0
Virginia,Winchester City,51840,2019,57,57,0,0,0,0,0,24,14,8,0,0,0,0,57
Virginia,Wythe,51197,2019,242,232,10,0,0,0,0,71,48,41,0,0,242,0,0
Washington,Adams,53001,2019,360,339,21,0,0,0,0,89,42,17,0,0,0,360,0
Washington,Asotin,53003,2019,357,250,106,1,0,0,0,125,65,36,0,0,0,357,0
Washington,Benton,53005,2019,364,273,91,0,0,0,0,80,59,39,0,0,152,199,13
Washington,Chelan,53007,2019,365,258,106,1,0,0,0,102,61,32,0,0,0,365,0
Washington,Clallam,53009,2019,365,285,80,0,0,0,0,73,56,38,0,0,166,199,0
Washington,Clark,53011,2019,364,277,86,1,0,0,0,128,63,34,0,0,127,237,0
Washington,Columbia,53013,2019,365,322,43,0,0,0,0,72,53,22,0,0,0,365,0
Washington,Cowlitz,53015,2019,360,301,59,0,0,0,0,79,54,24,0,0,0,360,0
Washington,Franklin,53021,2019,333,288,45,0,0,0,0,74,53,21,0,0,0,333,0
Washington,Garfield,53023,2019,358,330,28,0,0,0,0,67,48,23,0,0,0,358,0
Washington,Grant,53025,2019,365,306,59,0,0,0,0,71,54,24,0,0,0,365,0
Washington,Grays Harbor,53027,2019,352,327,25,0,0,0,0,62,47,27,0,0,0,352,0
Washington,Jefferson,53031,2019,365,344,21,0,0,0,0,57,42,26,0,0,0,365,0
Washington,King,53033,2019,365,208,157,0,0,0,0,90,64,48,0,19,44,302,0
Washington,Kitsap,53035,2019,340,313,27,0,0,0,0,77,47,24,0,0,0,340,0
Washington,Kittitas,53037,2019,365,268,97,0,0,0,0,96,61,31,0,0,0,365,0
Washington,Klickitat,53039,2019,365,300,65,0,0,0,0,97,54,27,0,0,0,365,0
Washington,Lewis,53041,2019,365,308,57,0,0,0,0,66,54,27,0,0,0,365,0
Washington,Mason,53045,2019,361,305,56,0,0,0,0,75,53,28,0,0,0,361,0
Washington,Okanogan,53047,2019,365,209,156,0,0,0,0,91,68,42,0,0,0,365,0
Washington,Pierce,53053,2019,365,234,129,2,0,0,0,142,67,44,0,6,133,226,0
Washington,San Juan,53055,2019,112,111,1,0,0,0,0,52,31,21,0,0,0,112,0
Washington,Skagit,53057,2019,365,340,25,0,0,0,0,59,46,29,0,0,63,302,0
Washington,Snohomish,53061,2019,364,227,136,1,0,0,0,114,71,40,0,0,0,364,0
Washington,Spokane,53063,2019,365,258,106,1,0,0,0,107,64,42,0,0,131,218,16
Washington,Stevens,53065,2019,365,223,141,1,0,0,0,146,67,36,0,0,0,335,30
Washington,Thurston,53067,2019,365,290,75,0,0,0,0,74,58,33,0,0,134,231,0
Washington,Walla Walla,53071,2019,365,299,66,0,0,0,0,94,56,23,0,0,0,235,130
Washington,Whatcom,53073,2019,363,334,29,0,0,0,0,66,47,29,0,0,127,236,0
Washington,Whitman,53075,2019,365,324,41,0,0,0,0,71,51,24,0,0,0,365,0
Washington,Yakima,53077,2019,365,178,177,10,0,0,0,127,79,51,0,0,0,363,2
West Virginia,Berkeley,54003,2019,278,233,43,2,0,0,0,127,54,40,0,0,201,77,0
West Virginia,Brooke,54009,2019,360,287,72,1,0,0,0,112,56,19,0,0,0,119,241
West Virginia,Cabell,54011,2019,275,233,42,0,0,0,0,71,53,40,0,0,199,76,0
West Virginia,Gilmer,54021,2019,336,333,3,0,0,0,0,58,44,32,0,0,336,0,0
West Virginia,Greenbrier,54025,2019,242,222,20,0,0,0,0,84,50,42,0,0,242,0,0
West Virginia,Hancock,54029,2019,303,257,46,0,0,0,0,93,54,40,0,0,216,48,39
West Virginia,Harrison,54033,2019,111,84,27,0,0,0,0,64,56,41,0,0,0,111,0
West Virginia,Kanawha,54039,2019,365,262,103,0,0,0,0,93,58,44,21,0,201,143,0
West Virginia,Marion,54049,2019,99,70,29,0,0,0,0,66,59,41,0,0,0,99,0
West Virginia,Marshall,54051,2019,118,68,50,0,0,0,0,80,63,46,0,0,0,118,0
West Virginia,Monongalia,54061,2019,277,237,40,0,0,0,0,74,54,41,0,0,200,77,0
West Virginia,Ohio,54069,2019,283,226,57,0,0,0,0,71,57,42,0,0,211,72,0
West Virginia,Tucker,54093,2019,362,343,19,0,0,0,0,61,47,35,0,0,350,12,0
West Virginia,Wood,54107,2019,277,231,46,0,0,0,0,87,56,40,0,0,211,66,0
Wisconsin,Ashland,55003,2019,364,332,32,0,0,0,0,81,50,35,0,0,263,101,0
Wisconsin,Brown,55009,2019,361,265,96,0,0,0,0,97,58,40,0,0,120,241,0
Wisconsin,Columbia,55021,2019,192,184,8,0,0,0,0,71,46,37,0,0,192,0,0
Wisconsin,Dane,55025,2019,365,239,126,0,0,0,0,93,64,43,0,0,111,254,0
Wisconsin,Dodge,55027,2019,365,257,107,1,0,0,0,122,61,42,0,0,209,156,0
Wisconsin,Door,55029,2019,201,191,9,1,0,0,0,112,47,35,0,0,201,0,0
Wisconsin,Eau Claire,55035,2019,363,268,95,0,0,0,0,90,60,39,0,0,121,242,0
Wisconsin,Fond du Lac,55039,2019,202,195,7,0,0,0,0,100,47,36,0,0,202,0,0
Wisconsin,Forest,55041,2019,363,308,55,0,0,0,0,97,53,36,0,0,252,111,0
Wisconsin,Grant,55043,2019,365,255,109,1,0,0,0,104,62,39,0,0,0,365,0
Wisconsin,Jefferson,55055,2019,203,191,12,0,0,0,0,100,48,37,0,0,203,0,0
Wisconsin,Kenosha,55059,2019,365,248,115,2,0,0,0,119,65,44,0,0,190,175,0
Wisconsin,Kewaunee,55061,2019,210,199,11,0,0,0,0,90,45,36,0,0,210,0,0
Wisconsin,La Crosse,55063,2019,365,274,91,0,0,0,0,85,62,39,0,0,147,218,0
Wisconsin,Manitowoc,55071,2019,202,187,15,0,0,0,0,100,48,36,0,0,202,0,0
Wisconsin,Marathon,55073,2019,205,196,9,0,0,0,0,84,47,34,0,0,205,0,0
Wisconsin,Milwaukee,55079,2019,365,205,157,3,0,0,0,105,68,47,0,5,119,239,2
Wisconsin,Outagamie,55087,2019,365,258,105,2,0,0,0,119,63,41,0,0,115,250,0
Wisconsin,Ozaukee,55089,2019,363,271,89,3,0,0,0,108,61,40,0,0,173,190,0
Wisconsin,Racine,55101,2019,203,174,28,1,0,0,0,115,58,39,0,0,203,0,0
Wisconsin,Rock,55105,2019,203,185,18,0,0,0,0,77,50,38,0,0,203,0,0
Wisconsin,Sauk,55111,2019,365,281,83,1,0,0,0,107,59,39,0,0,124,241,0
Wisconsin,Sheboygan,55117,2019,206,180,24,2,0,0,0,108,61,38,0,0,206,0,0
Wisconsin,Taylor,55119,2019,365,294,71,0,0,0,0,87,57,38,0,0,222,143,0
Wisconsin,Vilas,55125,2019,362,320,42,0,0,0,0,91,52,31,0,0,156,206,0
Wisconsin,Walworth,55127,2019,205,189,15,1,0,0,0,112,49,37,0,0,205,0,0
Wisconsin,Waukesha,55133,2019,365,211,153,1,0,0,0,115,64,45,0,0,81,284,0
Wyoming,Albany,56001,2019,365,245,120,0,0,0,0,90,61,47,0,0,327,4,34
Wyoming,Big Horn,56003,2019,356,344,12,0,0,0,0,77,46,36,0,0,356,0,0
Wyoming,Campbell,56005,2019,365,301,63,1,0,0,0,111,56,41,0,1,215,21,128
Wyoming,Carbon,56007,2019,364,325,38,1,0,0,0,112,51,43,0,13,351,0,0
Wyoming,Converse,56009,2019,365,314,50,1,0,0,0,101,53,41,0,3,312,10,40
Wyoming,Fremont,56013,2019,365,291,73,1,0,0,0,122,60,45,0,0,335,30,0
Wyoming,Johnson,56019,2019,364,345,19,0,0,0,0,80,49,40,0,1,356,0,7
Wyoming,Laramie,56021,2019,365,296,69,0,0,0,0,74,58,43,0,4,320,25,16
Wyoming,Lincoln,56023,2019,365,364,1,0,0,0,0,56,27,12,0,0,0,0,365
Wyoming,Natrona,56025,2019,364,327,37,0,0,0,0,74,51,42,0,1,357,6,0
Wyoming,Park,56029,2019,307,292,15,0,0,0,0,80,47,38,0,3,261,40,3
Wyoming,Platte,56031,2019,60,56,3,1,0,0,0,108,37,14,0,0,0,0,60
Wyoming,Sheridan,56033,2019,365,315,50,0,0,0,0,90,54,39,0,0,299,39,27
Wyoming,Sublette,56035,2019,365,265,89,8,3,0,0,200,71,46,0,0,358,7,0
Wyoming,Sweetwater,56037,2019,365,258,104,3,0,0,0,133,64,46,0,3,318,9,35
Wyoming,Teton,56039,2019,365,323,42,0,0,0,0,87,51,44,0,0,353,11,1
Wyoming,Uinta,56041,2019,365,315,49,1,0,0,0,101,58,44,0,1,360,0,4
Wyoming,Weston,56045,2019,360,335,25,0,0,0,0,71,49,40,0,0,360,0,0
